company	category
アクシーズ	0050
アグリ・ヴァンティアン	0050
カネコ種苗	0050
サカタのタネ	0050
ジャスダック	0050
ベルグアース	0050
ホクト	0050
ホクリヨウ	0050
ホーブ	0050
マルハ	0050
マルハニチロ	0050
マルハニチロ水産	0050
会社更生法	0050
名古屋証券取引所	0050
大阪証券取引所	0050
宝幸	0050
小岩井農場	0050
小林種苗	0050
日本の企業一覧 (食料品)	0050
日本水産	0050
札幌証券取引所	0050
東京証券取引所	0050
極洋	0050
水産業	0050
福岡証券取引所	0050
秋川牧園	0050
証券コード	0050
農林業	0050
雪国まいたけ	0050
AOCホールディングス	1050
K&Oエナジーグループ	1050
アラビア石油	1050
三井松島ホールディングス	1050
三井石油開発	1050
三信鉱工	1050
住石ホールディングス	1050
住金鉱業	1050
共立マテリアル	1050
合同資源	1050
名古屋証券取引所	1050
国際石油開発帝石	1050
大多喜ガス	1050
大阪証券取引所	1050
富士石油	1050
広浦	1050
広浦鉱業	1050
戸高鉱業所	1050
日本の鉱山の一覧	1050
日本コークス工業	1050
日本天然ガス	1050
日本海洋掘削	1050
日鉄鉱業	1050
東京証券取引所	1050
石油資源開発	1050
福岡証券取引所	1050
証券コード	1050
鉱業	1050
関東天然瓦斯開発	1050
AS-SZKi	2050
ASS（企業）	2050
JESCOホールディングス	2050
JFEエンジニアリング	2050
JFEプラントエンジ	2050
KHC (建設)	2050
KMGグループ	2050
LIXIL住宅研究所	2050
NB建設	2050
NDS (企業)	2050
NIPPO	2050
NITTOH	2050
NTTファシリティーズ	2050
OSJBホールディングス	2050
One's Life ホーム	2050
SYSKEN	2050
TATERU	2050
TOSYS	2050
TTGホールディングス	2050
TTK (建設)	2050
あおみ建設	2050
きんでん	2050
さとうベネック	2050
つうけん	2050
つまりぬき24	2050
みらい建設グループ	2050
りんかい日産建設	2050
アイサワ工業	2050
アイジーコンサルティング	2050
アイネットテクノ	2050
アエラホーム	2050
アジアゲートホールディングス	2050
アスト技建	2050
アルスター (長野県)	2050
アルス製作所	2050
アーツ&クラフツ (建設)	2050
アーレックス	2050
イチケン	2050
イビデングリーンテック	2050
イブリアスコン	2050
イワクラホーム	2050
ウィンテック	2050
ウエストホールディングス	2050
ウォーターデザイン	2050
ウベハウス	2050
エステート住宅産業	2050
エムビーエス	2050
エム・テック	2050
オリエンタル白石	2050
オンテックス	2050
オーティエンジニアリング	2050
オーテック (建設)	2050
カツイ	2050
カナック (企業)	2050
カミムラ	2050
カメヤグローバル	2050
カワサキプラントシステムズ	2050
ガイアート	2050
キクテック	2050
キャンディル	2050
キョーエイ産業	2050
クレアホールディングス	2050
コムシスアドバンス	2050
コムシスエンジニアリング	2050
コムシスホールディングス	2050
コーアツ工業	2050
サイタホールディングス	2050
サンテック	2050
サンハウジング	2050
サンユー建設	2050
サンヨーハウジング名古屋	2050
サンヨーホームズ	2050
サンワコムシスエンジニアリング	2050
サンワハウス	2050
サーラ住宅	2050
ショベル工業	2050
シンクレイヤ	2050
シーキューブ (電気通信工事)	2050
シーテック (電設)	2050
シード平和	2050
ジェイアール東海建設	2050
ジェイオーグループホールディングス	2050
ジェイオー建設	2050
ジオパワーシステム	2050
ジョーコーポレーション	2050
スペースバリューホールディングス	2050
スミダ工業	2050
スルガコーポレーション	2050
セコム	2050
セコムテクノサービス	2050
セレコーポレーション	2050
ゼファー (不動産会社)	2050
ソネック	2050
ソルコム	2050
タマホーム	2050
ダイア建設	2050
ダイセキ環境ソリューション	2050
ダイダン	2050
ティエムシー	2050
テクノ菱和	2050
テスコ (建設)	2050
テノックス	2050
テラジマアーキテクツ	2050
テーオーホールディングス	2050
トステムホームウェル	2050
トヨタT&S建設	2050
トヨタホーム	2050
トーエネック	2050
トーシス新潟	2050
ナカノフドー建設	2050
ナカボーテック	2050
ニッタン	2050
パナソニック ホームズ	2050
ヒノキヤグループ	2050
ヒライ (建設業)	2050
ビーアールホールディングス	2050
ピーエス三菱	2050
ファーストコーポレーション	2050
フィット (建設会社)	2050
フジケンエンジニアリング	2050
フジタ	2050
フジムラ	2050
ベステラ	2050
ホームプロ	2050
マサル	2050
ミサワホーム	2050
ミサワホームイング	2050
ミサワホーム中国	2050
ミサワホーム九州	2050
ミサワホーム北日本	2050
ミサワホーム北海道	2050
ミサワホーム四国	2050
ミライト	2050
ミライト・テクノロジーズ	2050
ミライト・ホールディングス	2050
ヤクザ	2050
ヤマウラ	2050
ヤマダ・エスバイエルホーム	2050
ヤマト (群馬県)	2050
ヤマト住建	2050
ユアテック	2050
ユーディケー	2050
ヨシコン	2050
ライオンエンジニアリング	2050
ライト工業	2050
リライフコーポレーション	2050
ルーデン・ホールディングス	2050
レイア パートナーズ	2050
一条工務店	2050
三井ホーム	2050
三井住友建設	2050
三井住建道路	2050
三井物産ハウステクノ	2050
三井金属エンジニアリング	2050
三信建設工業	2050
三光ソフランホールディングス	2050
三国屋建設	2050
三晃金属工業	2050
三東工業社	2050
三機工業	2050
三浦工務店	2050
三菱地所ホーム	2050
三菱重工プラント建設	2050
三菱電機冷熱プラント	2050
上村建設	2050
上村建設工業	2050
下津井電鉄	2050
不動テトラ	2050
世紀東急工業	2050
両備グループ	2050
中外炉工業	2050
中村建設（奈良市）	2050
中電工	2050
中駒産業	2050
丸山工務所	2050
丸栄建設 (鹿児島県)	2050
九電工	2050
五洋建設	2050
井上工業	2050
京急建設	2050
京急電機	2050
京成建設	2050
京王建設	2050
伊田テクノス	2050
伊藤組土建	2050
住友林業	2050
住友電設	2050
住宅情報館	2050
佐伯建設	2050
佐伯綜合建設	2050
佐田建設	2050
佐藤工業	2050
佐藤工業 (福島市)	2050
佐藤渡辺	2050
保安工業	2050
信和建設	2050
内藤ハウス	2050
利根地下技術	2050
前田建設工業	2050
AFC-HDアムスライフサイエンス	3050
J-オイルミルズ	3050
JA高崎ハム	3050
JFLAホールディングス	3050
MCフードスペシャリティーズ	3050
UCC上島珈琲	3050
UHA味覚糖	3050
あけぼのパン	3050
あじかん	3050
あじまん	3050
あみ印食品工業	3050
あわしま堂	3050
いずみ製菓	3050
いなば食品	3050
えひめ飲料	3050
おやつカンパニー	3050
お菓子の香梅	3050
かどや製油	3050
かねふく	3050
かば田食品	3050
たけや製パン	3050
でん六	3050
とよす	3050
どさん子	3050
なとり	3050
はごろもフーズ	3050
ひまわり乳業	3050
ふくや	3050
ますやみそ	3050
まるか食品	3050
まるや八丁味噌	3050
みすずコーポレーション	3050
もち吉	3050
やおきん	3050
やずや	3050
やまみ	3050
やまやコミュニケーションズ	3050
よっちゃん食品工業	3050
わかさ生活	3050
わらべや日洋ホールディングス	3050
アイクレオ	3050
アイン食品	3050
アサヒグループホールディングス	3050
アサヒグループ食品	3050
アサヒビール	3050
アサヒフードアンドヘルスケア	3050
アサヒ飲料	3050
アスラポート	3050
アリアケジャパン	3050
アヲハタ	3050
アンデルセン (製パン)	3050
アートコーヒー	3050
イカリソース	3050
イケダパン	3050
イシイ	3050
イズヤパン	3050
イタノ冷蔵	3050
イチビキ	3050
イフジ産業	3050
イートアンド	3050
ウィリーウィンキー	3050
ウエシマコーヒー	3050
ウエシマコーヒーフーズ	3050
エスエスケイフーズ	3050
エストルフーズ	3050
エスビー食品	3050
エスフーズ	3050
エヌビーエス	3050
エバラ食品工業	3050
エースコック	3050
オイシス	3050
オエノンホールディングス	3050
オタフクソース	3050
オハヨー乳業	3050
オリエンタル (食品メーカー)	3050
オリエンタル酵母工業	3050
オリオン (日本の製菓業者)	3050
オリオンビール	3050
オリバーソース	3050
オーケー食品工業	3050
オーロール	3050
カクキュー	3050
カゴメ	3050
カゴメラビオ	3050
カネテツデリカフーズ	3050
カネハツ食品	3050
カバヤ食品	3050
カルビー	3050
カルピス	3050
カンロ	3050
キッコーマン	3050
キッコーマンソイフーズ	3050
キューサイ	3050
キユーピー	3050
キリン (企業)	3050
キリンディスティラリー	3050
キリンビバレッジ	3050
キリンホールディングス	3050
キンキサイン	3050
キーコーヒー	3050
ギャバン (香辛料販売)	3050
クワムラ食品	3050
グリコ乳業	3050
ケイエス冷凍食品	3050
ケンコーマヨネーズ	3050
ケンミン食品	3050
コカ・コーラウエスト	3050
コカ・コーラセントラルジャパン	3050
コカ・コーラボトラーズジャパン	3050
コカ・コーラボトラーズジャパンホールディングス	3050
コモ (製パン)	3050
コリス	3050
コーミ	3050
コーワ	3050
ゴールドパック	3050
サザコーヒー	3050
サッポロウエシマコーヒー	3050
サッポロビール	3050
サッポロホールディングス	3050
サラダクラブ	3050
サンガリア	3050
サンキムラヤ	3050
サンジェルマン (製パン)	3050
サンジルシ醸造	3050
サンデリカ	3050
サントリー	3050
サントリーフーズ	3050
サントリーホールディングス	3050
サントリー食品インターナショナル	3050
サンビシ	3050
サンマルクホールディングス	3050
サンヨー堂	3050
サンヨー食品	3050
サンロイヤル旭川	3050
シノブフーズ	3050
シベール	3050
シマダヤ	3050
シマヤ	3050
シャトレーゼ	3050
ジェイティフーズ	3050
ジェイティ飲料	3050
ジェーシー・コムサ	3050
ジャパンビバレッジホールディングス	3050
ジャパンフーズ	3050
ジャパン・フード&リカー・アライアンス	3050
スドージャム	3050
スリーエフフーズ	3050
セイヒョー	3050
ソントン食品工業	3050
タカキベーカリー	3050
タカノフーズ	3050
タカラバイオ	3050
タカ食品工業	3050
タクマ食品	3050
ダイショー	3050
ダイドーグループホールディングス	3050
ダイドードリンコ	3050
ダノンジャパン	3050
チェリオコーポレーション	3050
チロルチョコ	3050
テーブルマーク	3050
トオカツフーズ	3050
トップ製菓	3050
トランドール	3050
トンボ飲料	3050
ドンク	3050
ナガノトマト	3050
ニコニコのり	3050
ニシカワ食品	3050
ニシダ飴	3050
ニチフリ食品	3050
ニチレイ	3050
ニチレイフーズ	3050
ニチロサンフーズ	3050
ニッカウヰスキー	3050
ネスレコンフェクショナリー	3050
ネスレ日本	3050
ハウスウェルネスフーズ	3050
ハウス食品	3050
ハウス食品グループ本社	3050
ハグルマ	3050
ハタ鉱泉	3050
ハチ食品	3050
ハマダコンフェクト	3050
バスキン・ロビンス	3050
バンデロール	3050
ヒガシマル	3050
ヒガシマル醤油	3050
ヒライ (食品製造)	3050
ヒロコーヒー	3050
ピエトロ (食品メーカー)	3050
ピックルスコーポレーション	3050
ファーマフーズ	3050
フィード・ワン	3050
フクシマフーズ	3050
フジッコ	3050
フジバンビ	3050
フジパン	3050
フジパングループ本社	3050
フジフーズ	3050
CHOYA	3100
I.S.T	3100
NBCメッシュテック	3100
TSIホールディングス	3100
アツギ	3100
アリマ	3100
イチカワ	3100
エコナックホールディングス	3100
エフワン	3100
エモト	3100
オゴー産業	3100
オンワードホールディングス	3100
オンワード樫山	3100
オーアイ工業	3100
オートリ	3100
オーベクス	3100
オーミケンシ	3100
カクテン屋	3100
カメックス (企業)	3100
ガクヤ (足袋メーカー)	3100
キムラタン	3100
キング (アパレル)	3100
クラウディアホールディングス	3100
クラレ	3100
グンゼ	3100
コスギ	3100
コーコス信岡	3100
ゴールドウイン	3100
サイボー	3100
サカイオーベックス	3100
サンエー・インターナショナル	3100
シキボウ	3100
シルバーオックス	3100
セーレン	3100
ソトー	3100
ダイオ化成	3100
ダイトウボウ	3100
ダイドーリミテッド	3100
ダイニック	3100
ダイワボウホールディングス	3100
ダルマック	3100
ツバメタオル	3100
デサント	3100
トスコ	3100
トミヤアパレル	3100
トリンプ・インターナショナル・ジャパン	3100
トンボ (企業)	3100
トーアレディース	3100
トーア紡コーポレーション	3100
ナイガイ	3100
ハマナカ	3100
フジコー	3100
フジックス	3100
フジボウアパレル	3100
ブロンドール	3100
プロジェ・ホールディングス	3100
ホギメディカル	3100
ホットマン (企業)	3100
マツオカコーポレーション	3100
ムーンバット	3100
モリシタ	3100
ヤギコーポレーション	3100
ヤマトインターナショナル	3100
ヤマメン	3100
ユタカ (タオル問屋)	3100
ユニチカ	3100
ラグラックス信和	3100
ラピーヌ	3100
リオ横山ホールディングス	3100
ルシアン (企業)	3100
ルック (アパレル)	3100
レナウン (企業)	3100
レリアン	3100
ロマンス小杉	3100
ワコール	3100
ワールド (企業)	3100
三菱レイヨン	3100
三陽商会	3100
中央コーポレーション	3100
丸八真綿	3100
丸山工業	3100
九州ツバメタオル	3100
住江織物	3100
倉庫精練	3100
倉敷紡績	3100
光多制服	3100
助野靴下	3100
北日本紡績	3100
原田産業	3100
和田哲 (企業)	3100
堀田丸正	3100
太陽毛絲紡績	3100
宮田織物	3100
富士紡ホールディングス	3100
小松マテーレ	3100
山喜	3100
川島織物セルコン	3100
川本産業	3100
市田	3100
布	3100
帝人	3100
帝国紡績	3100
帝国繊維	3100
御幸毛織	3100
新内外綿	3100
日本バイリーン	3100
日本フエルト	3100
日本ホームスパン	3100
日本毛織	3100
日東製網	3100
日清紡ホールディングス	3100
村田長	3100
東レ	3100
東京スタイル	3100
東京ソワール	3100
東和織物	3100
東洋クロス	3100
東洋紡	3100
東洋紡インテリア	3100
東洋羽毛工業	3100
東海染工	3100
東邦テナックス	3100
業種	3100
瀧本	3100
片倉工業	3100
田村駒	3100
白州産業	3100
白鳩 (企業)	3100
白鷺ニット	3100
眞野	3100
神馬本店	3100
福井紡績	3100
福助	3100
福助工業	3100
綾羽	3100
繊維	3100
自重堂	3100
興和紡績	3100
菅公学生服	3100
西川 (企業)	3100
西川リビング	3100
鈴乃屋	3100
イムラ封筒	3150
カミ商事	3150
ザ・パック	3150
スーパーバッグ	3150
ゼネラル (企業)	3150
ダイオーペーパープロダクツ	3150
ダイナパック	3150
トイレットペーパー	3150
トライウォール	3150
トーモク	3150
トーヨ	3150
ニッポン高度紙工業	3150
ハビックス	3150
パルプ	3150
ユポ・コーポレーション	3150
レンゴー	3150
三菱製紙	3150
中央紙器工業	3150
中越パルプ工業	3150
丸住製紙	3150
丸富製紙	3150
丸紅	3150
丸紅紙パルプ販売	3150
伊藤忠紙パルプ	3150
光ビジネスフォーム	3150
共同紙販ホールディングス	3150
兵庫製紙	3150
北越コーポレーション	3150
古林紙工	3150
和光製紙	3150
国際チャート	3150
国際紙パルプ商事	3150
大分製紙	3150
大村紙業	3150
大王製紙	3150
大石産業	3150
富士里和製紙	3150
小津産業	3150
小野製紙	3150
岡山製紙	3150
巴川製紙所	3150
新生紙パルプ商事	3150
日本家庭紙工業会	3150
日本紙パルプ商事	3150
日本紙通商	3150
日本製紙	3150
日本製紙クレシア	3150
日本製紙パピリア	3150
日本製紙連合会	3150
昭和パックス	3150
朝日印刷	3150
東海パルプ	3150
林製紙	3150
段ボール	3150
河野製紙	3150
特種東海製紙	3150
特種製紙	3150
王子エフテックス	3150
王子ネピア	3150
王子ホールディングス	3150
王子マテリア	3150
福山製紙	3150
竹尾	3150
紀州製紙	3150
紙	3150
興亜工業	3150
藤枝製紙	3150
製紙業	3150
道栄紙業	3150
阿波製紙	3150
鶴見製紙	3150
ADEKA	3200
AGC	3200
CCH	3200
DIC (企業)	3200
JCU (化学メーカー)	3200
JSP (企業)	3200
JSR	3200
KHネオケム	3200
MICS化学	3200
NSファーファ・ジャパン	3200
OATアグリオ	3200
RIZAPグループ	3200
T&K TOKA	3200
UMG ABS	3200
アイカ工業	3200
アイビー化粧品	3200
アキレス (化学工業)	3200
アグロ カネショウ	3200
アサヒペン	3200
アテナ工業	3200
アロン化成	3200
アース製薬	3200
イサム塗料	3200
イチネンケミカルズ	3200
エア・ウォーター	3200
エイボン・プロダクツ	3200
エスケー化研	3200
エステー	3200
エス・ディー・エス バイオテック	3200
エフピコ	3200
オルビス	3200
カネカ	3200
カーリットホールディングス	3200
キミカ	3200
クミアイ化学工業	3200
クラシエホールディングス	3200
クラスターテクノロジー	3200
クラレ	3200
クレハ	3200
コタ	3200
コニカミノルタ	3200
コニシ	3200
コーセー	3200
サカタインクス	3200
サンエー化研	3200
サンケイ化学	3200
サンスター	3200
シンジェンタ	3200
シンロイヒ	3200
シーアイ化成	3200
シーシーアイ	3200
シーズ・ホールディングス	3200
シーボン	3200
スガイ化学工業	3200
ステラケミファ	3200
セメダイン	3200
セントラル硝子	3200
ソフト99コーポレーション	3200
タイガースポリマー	3200
タカギセイコー	3200
タカラバイオ	3200
タキロンシーアイ	3200
タテホ化学工業	3200
ダイキアクシス	3200
ダイキョーニシカワ	3200
ダイセル	3200
ダイトーケミックス	3200
ダウ・ケミカル	3200
チタン工業	3200
チッソ	3200
テイカ	3200
デクセリアルズ	3200
デンカ	3200
デンツプライ三金	3200
トウペ	3200
トクヤマ	3200
トリケミカル研究所	3200
ドクターシーラボ	3200
ナトコ	3200
ニイタカ	3200
ニチバン	3200
ニットーパック	3200
ニフコ	3200
ノエビア	3200
ノエビアホールディングス	3200
ハリマ化成	3200
ハーバー研究所	3200
ファンケル	3200
フクビ化学工業	3200
フジプレアム	3200
フマキラー	3200
プラス・テク	3200
プロクター・アンド・ギャンブル	3200
ホソカワミクロン	3200
ポバール興業	3200
ポラテクノ	3200
ポーラ (企業)	3200
ポーラ・オルビスホールディングス	3200
マナック	3200
マンダム	3200
ミライアル	3200
ミルボン	3200
ムトー精工	3200
メック (化学メーカー)	3200
ヤスハラケミカル	3200
ユシロ化学工業	3200
ユニオンペイント	3200
ユニリーバ・ジャパン	3200
ユニ・チャーム	3200
ユーホーケミカル	3200
ライオン (企業)	3200
ラサ工業	3200
リケンテクノス	3200
リンレイ	3200
レキットベンキーザー	3200
レック (企業)	3200
ロックペイント	3200
ロンシール工業	3200
ワコー	3200
三井化学	3200
三井化学東セロ	3200
三光合成	3200
三洋化成工業	3200
三菱ガス化学	3200
三菱ケミカル	3200
三菱ケミカルホールディングス	3200
三菱レイヨン	3200
三菱化学	3200
三菱樹脂	3200
中国塗料	3200
中央化学	3200
丸善石油化学	3200
丸尾カルシウム	3200
丸東産業	3200
互応化学工業	3200
伊勢化学工業	3200
住友ベークライト	3200
住友化学	3200
住友化学園芸	3200
住友精化	3200
保土谷化学工業	3200
信越ポリマー	3200
信越化学工業	3200
健康コーポレーション	3200
児玉化学工業	3200
共和レザー	3200
前澤化成工業	3200
北興化学工業	3200
四国トーセロ	3200
四国化成工業	3200
堺化学工業	3200
多木化学	3200
大倉工業	3200
大八化学工業	3200
大成ラミック	3200
大日本塗料	3200
大日精化工業	3200
大阪ソーダ	3200
大阪有機化学工業	3200
大陽日酸	3200
天馬 (企業)	3200
太平化学製品	3200
太陽ホールディングス	3200
宇部エクシモ	3200
宇部フィルム	3200
宇部興産	3200
富士チタン工業	3200
富士フイルム	3200
富士フイルムホールディングス	3200
富士フイルム和光純薬	3200
寺岡製作所	3200
寺田紡績	3200
小林製薬	3200
小野産業	3200
小野田化学工業	3200
川上塗料	3200
川口化学工業	3200
川崎化成工業	3200
帝人	3200
広栄化学工業	3200
戸田工業	3200
扶桑化学工業	3200
新日本理化	3200
新輝合成	3200
日之出化学工業	3200
日亜化学工業	3200
日本カーバイド工業	3200
日本カーリット	3200
日本ゼオン	3200
日本デコラックス	3200
日本バルカー工業	3200
日本パーカライジング	3200
日本ペイント	3200
日本ペイントホールディングス	3200
日本ポリエチレン	3200
日本ポリオレフィン	3200
日本マタイ	3200
日本ユピカ	3200
Delta-Fly Pharma	3250
ECI	3250
JCRファーマ	3250
LTTバイオファーマ	3250
Meiji Seikaファルマ	3250
UCB (企業)	3250
UMNファーマ	3250
VICKS	3250
あすか製薬	3250
そーせいグループ	3250
みらかホールディングス	3250
わかもと製薬	3250
アサヒグループ食品	3250
アサヒフードアンドヘルスケア	3250
アスゲン製薬	3250
アステラス製薬	3250
アストラゼネカ	3250
アダプトゲン製薬	3250
アボットジャパン	3250
アムジェン	3250
アラクス	3250
アルフレッサファーマ	3250
アルフレッサホールディングス	3250
アンジェス	3250
アース製薬	3250
アールテック・ウエノ	3250
イチジク製薬	3250
インテンディス	3250
イーライリリー・アンド・カンパニー	3250
エスエス製薬	3250
エムジーファーマ	3250
エルメッドエーザイ	3250
エーザイ	3250
オンコセラピー・サイエンス	3250
オンコリスバイオファーマ	3250
カイオム・バイオサイエンス	3250
カイゲンファーマ	3250
カイノス	3250
カルナバイオサイエンス	3250
キッセイ薬品工業	3250
キャンバス (企業)	3250
キョーリン製薬ホールディングス	3250
グラクソ・スミスクライン	3250
グレラン製薬	3250
コーヴァンス・ジャパン	3250
サノフィ	3250
サラヤ	3250
サンノーバ	3250
シオノギヘルスケア	3250
シミック	3250
シンバイオ製薬	3250
ジーエヌアイ	3250
ジーンテクノサイエンス	3250
セガミメディクス	3250
ゼリア新薬工業	3250
ソレイジア・ファーマ	3250
ダイト	3250
ダンヘルスケア	3250
チベン製薬	3250
ツムラ	3250
テバ製薬	3250
テルモ	3250
テヴァ製薬産業	3250
デンカ生研	3250
デ・ウエスタン・セラピテクス研究所	3250
トクホン	3250
トーアエイヨー	3250
ナカムラ酵素	3250
ナノキャリア	3250
ニチニチ製薬	3250
ニプロ	3250
ニプロファーマ	3250
ノバルティス	3250
ノボ・ノルディスク	3250
バイエル (企業)	3250
バイエル薬品	3250
バクスター (製薬会社)	3250
ヒサヤ大黒堂	3250
ビオフェルミン製薬	3250
ビスホスフォネート製剤	3250
ファイザー	3250
フナコシ	3250
フロイント産業	3250
ブライトパス・バイオ	3250
ブリストル・マイヤーズ・スクイブ	3250
ブリストル・マイヤーズ・ライオン	3250
プロクター・アンド・ギャンブル	3250
プロクター・アンド・ギャンブル・ジャパン	3250
ベーリンガーインゲルハイム	3250
ペプチドリーム	3250
マイラン製薬	3250
マルコ製薬	3250
マルホ	3250
ミズホメディー	3250
ミノファーゲン製薬	3250
ミヤリサン製薬	3250
メディシノバ・インク	3250
メドレックス	3250
メビオファーム	3250
メルク・アンド・カンパニー	3250
ヤクルト本社	3250
ユニメディカル	3250
ユースキン製薬	3250
ライオン (企業)	3250
ラクオリア創薬	3250
リバテープ製薬	3250
リボミック	3250
ロート製薬	3250
万協製薬	3250
三光丸	3250
三光純薬	3250
三和化学研究所	3250
三笠製薬	3250
上場	3250
中京医薬品	3250
中外製薬	3250
中森製薬	3250
丸石製薬	3250
久光製薬	3250
佐藤製薬	3250
健栄製薬	3250
光製薬	3250
免疫生物研究所	3250
全薬工業	3250
共創未来ファーマ	3250
共立製薬	3250
北都製薬	3250
医学生物学研究所	3250
医薬品	3250
千寿製薬	3250
協和発酵キリン	3250
参天製薬	3250
吉田製薬	3250
味の素	3250
味の素製薬	3250
国民製薬	3250
埼玉第一製薬	3250
塩野義製薬	3250
大原薬品工業	3250
大塚ホールディングス	3250
大塚製薬	3250
大塚製薬工場	3250
大幸薬品	3250
大日本住友製薬	3250
大木ヘルスケアホールディングス	3250
大杉製薬	3250
大正製薬	3250
大正製薬ホールディングス	3250
大洋製薬	3250
大鵬薬品工業	3250
天藤製薬	3250
太田胃散	3250
太陽薬品	3250
奥田製薬	3250
宇津救命丸 (企業)	3250
富士フイルム	3250
富士フイルムホールディングス	3250
富士フイルム富山化学	3250
富士薬品	3250
富士製薬工業	3250
富山化学工業	3250
富田製薬	3250
小林製薬	3250
小野薬品工業	3250
山崎帝國堂	3250
岡山大鵬薬品	3250
帝國製薬	3250
常盤薬品工業	3250
平坂製薬	3250
廣貫堂	3250
後発医薬品	3250
扶桑薬品工業	3250
持田製薬	3250
摩耶堂製薬	3250
救心製薬	3250
救急薬品工業	3250
新日本製薬	3250
日医工	3250
日本たばこ産業	3250
日本ケミファ	3250
日本ジェネリック	3250
日本メジフィジックス	3250
日本化薬	3250
日本新薬	3250
日本点眼薬研究所	3250
日本臓器製薬	3250
日本製薬	3250
日水製薬	3250
日清キョーリン製薬	3250
旭化成ファーマ	3250
明治 (企業)	3250
昭和薬品化工	3250
有機合成薬品工業	3250
杏林製薬	3250
東京サラヤ	3250
東京甲子社	3250
東和薬品 (大阪府)	3250
EMGルブリカンツ	3300
ENEOSウイング	3300
JXTGエネルギー	3300
JXTGホールディングス	3300
JX石油開発	3300
JX金属	3300
MORESCO	3300
エネクスフリート	3300
キグナス石油	3300
コスモエネルギーホールディングス	3300
コスモ松山石油	3300
コスモ石油	3300
セントラル石油瓦斯	3300
トタル	3300
ニチレキ	3300
ビーピー・カストロール	3300
ペトロルブ・インターナショナル	3300
マコトフックス	3300
ユシロ化学工業	3300
三和エナジー	3300
三菱商事エネルギー	3300
伊藤忠エネクス	3300
出光興産	3300
吉田石油店	3300
和光ケミカル	3300
和歌山石油精製	3300
国際石油開発帝石	3300
大阪国際石油精製	3300
太陽石油	3300
宇佐美鉱油	3300
宇田川コーポレーション	3300
富士油業	3300
富士石油	3300
富士興産	3300
日本サン石油	3300
日本精蝋	3300
日興産業	3300
昭和シェル石油	3300
昭和四日市石油	3300
東亜石油	3300
東邦石油	3300
業種	3300
鹿島石油	3300
アキレス (化学工業)	3350
アサヒシューズ	3350
アトム (作業用手袋製造)	3350
オカモト	3350
クリエートメディック	3350
ショーワグローブ	3350
ニチリン	3350
ニッタ	3350
バンドー化学	3350
フコク	3350
ブリヂストン	3350
ミシュラン	3350
ミツウマ	3350
ムーンスター	3350
三ツ星ベルト	3350
不二ラテックス	3350
住友ゴム工業	3350
住友理工	3350
内外ゴム	3350
大日ゴム	3350
大日防蝕化工	3350
大洋技研工業	3350
帝都ゴム	3350
弘進ゴム	3350
日本バルカー工業	3350
日東化工	3350
日進ゴム	3350
昭和ホールディングス	3350
朝日ラバー	3350
東北ゴム	3350
東和コーポレーション	3350
東洋ゴム工業	3350
業種	3350
横浜ゴム	3350
櫻護謨	3350
相模ゴム工業	3350
第一ゴム	3350
興亜化工	3350
藤倉コンポジット	3350
西川ゴム工業	3350
豊田合成	3350
AGC	3400
AvanStrate	3400
INAX	3400
LIXIL	3400
MARUWA	3400
Mipox	3400
NTKセラテック	3400
SECカーボン	3400
TOTO (企業)	3400
アサヒ衛陶	3400
アジアパイルホールディングス	3400
イソライト工業	3400
イトーヨーギョー	3400
エバタ	3400
エーアンドエーマテリアル	3400
オハラ (ガラスメーカー)	3400
クアーズテック	3400
クニミネ工業	3400
ジオスター	3400
ジャニス工業	3400
ジャパンパイル	3400
スパンクリートコーポレーション	3400
セラミカ	3400
ダントーホールディングス	3400
チヨダウーテ	3400
テクノクオーツ	3400
デイ・シイ	3400
トーヨーアサノ	3400
ニチアス	3400
ニチハ	3400
ニッカトー	3400
ニッコー (洋食器)	3400
ノザワ	3400
ノリタケカンパニーリミテド	3400
フジミインコーポレーテッド	3400
ベルテクスコーポレーション	3400
ホクコン	3400
ヤマウ	3400
ヤマックス	3400
ヨシコン	3400
ヨータイ	3400
三共理化学	3400
三菱マテリアル建材	3400
三谷セキサン	3400
不二硝子	3400
中川ヒューム管工業	3400
中越アドバンス	3400
住友大阪セメント	3400
倉元製作所	3400
和歌山高炉セメント	3400
品川リフラクトリーズ	3400
大久保製壜所	3400
太平洋セメント	3400
宇部マテリアルズ	3400
宇部三菱セメント	3400
新東	3400
日本カーボン	3400
日本コンクリート工業	3400
日本ゼニスパイプ	3400
日本ヒューム	3400
日本レヂボン	3400
日本坩堝	3400
日本山村硝子	3400
日本板硝子	3400
日本特殊陶業	3400
日本研紙	3400
日本碍子	3400
日本興業	3400
日本電気硝子	3400
日東紡績	3400
日鐵セメント	3400
旭コンクリート工業	3400
旭ダンケ	3400
旭ファイバーグラス	3400
明星セメント	3400
東京窯業	3400
東洋佐々木ガラス	3400
東洋炭素	3400
東海カーボン	3400
東海高熱工業	3400
東邦テナックス	3400
業種	3400
武井工業所	3400
深川製磁	3400
理研コランダム	3400
琉球セメント	3400
石塚硝子	3400
石川島建材工業	3400
神島化学工業	3400
美濃窯業	3400
関西マテック	3400
高見澤	3400
鶴弥	3400
黒崎播磨	3400
JFEスチール	3450
JFEホールディングス	3450
JFE条鋼	3450
TDF (企業)	3450
イチタン	3450
イボキン	3450
エンビプロ・ホールディングス	3450
サンユウ	3450
シンニッタン	3450
パウダーテック	3450
メタルアート	3450
モリ工業	3450
三菱製鋼	3450
中央可鍛工業	3450
中央電気工業	3450
中山製鋼所	3450
中部鋼鈑	3450
丸一鋼管	3450
共英製鋼	3450
北越メタル	3450
合同製鐵	3450
吉川工業	3450
大同特殊鋼	3450
大和工業	3450
大和重工	3450
大平洋金属	3450
大阪製鐵	3450
山陽特殊製鋼	3450
岸和田製鋼	3450
川口金属工業	3450
川金ホールディングス	3450
愛知製鋼	3450
新報国製鉄	3450
新家工業	3450
新日本電工	3450
新日鐵住金	3450
新関西製鐵	3450
日亜鋼業	3450
日新製鋼	3450
日新製鋼ホールディングス	3450
日本カタン	3450
日本冶金工業	3450
日本精線	3450
日本金属	3450
日本金属工業	3450
日本鋳造	3450
日本鋳鉄管	3450
日本高周波鋼業	3450
日立金属	3450
日鉄住金SGワイヤ	3450
日鉄住金鋼板	3450
日鉄住金鋼管	3450
日鐵住金建材	3450
旭テック	3450
朝日工業	3450
東京製鐵	3450
東京鋼鐵	3450
東京鐵鋼	3450
東北特殊鋼	3450
東洋鋼鈑	3450
栗本鐵工所	3450
業種	3450
淀川製鋼所	3450
神戸製鋼所	3450
神鋼鋼線工業	3450
虹技	3450
豊平製鋼	3450
高砂鐵工	3450
DOWAホールディングス	3500
FCM (企業)	3500
JMACS	3500
JMC	3500
UACJ	3500
UACJ製箔	3500
アサカ理研	3500
アサヒプリテック	3500
アーレスティ	3500
エス・サイエンス	3500
エヌアイシ・オートテック	3500
オーナンバ	3500
カナレ電気	3500
サンエツ金属	3500
タツタ電線	3500
トヨクニ電線	3500
パンパシフィック・カッパー	3500
フジクラ	3500
リョービ	3500
三ッ星	3500
三井金属鉱業	3500
三菱マテリアル	3500
三菱伸銅	3500
三菱電線工業	3500
中外鉱業	3500
住友軽金属工業	3500
住友金属鉱山	3500
住友電工産業電線	3500
住友電気工業	3500
倉茂電工	3500
古河機械金属	3500
古河電気工業	3500
吉野川電線	3500
大紀アルミニウム工業所	3500
大阪チタニウムテクノロジーズ	3500
川金ダイカスト工業	3500
平河ヒューテック	3500
日本カタン	3500
日本伸銅	3500
日本精鉱	3500
日本軽金属ホールディングス	3500
日立金属	3500
昭和電線ホールディングス	3500
東京特殊電線	3500
東日京三電線	3500
東海アルミ箔	3500
東邦チタニウム	3500
東邦亜鉛	3500
東邦金属	3500
業種	3500
沖電線	3500
理研電線	3500
茨城テクノス	3500
西日本電線	3500
開明伸銅	3500
阪神電線	3500
非鉄金属	3500
IHIインフラシステム	3550
JFEコンテイナー	3550
JST (企業)	3550
LIXILグループ	3550
MIE テクノ	3550
MIEコーポレーション	3550
NTNアドバンストマテリアルズ	3550
OMソーラー	3550
OSJBホールディングス	3550
RS Technologies	3550
SUMCO	3550
SUMCO TECHXIV	3550
TONE (企業)	3550
UACJ金属加工	3550
アトムリビンテック	3550
アドバネクス	3550
アドバネクスモーションデザイン	3550
アマテイ	3550
アルインコ	3550
アルコア・クロージャー・システムズ	3550
アルファ (鍵)	3550
アルメタックス	3550
イハラサイエンス	3550
イワブチ	3550
エア・ウォーター・エモト	3550
エイチワン	3550
エスイー	3550
エムケー精工	3550
オギハラ	3550
オーネックス	3550
カネソウ	3550
ケー・エフ・シー	3550
コロナ (暖房器具)	3550
サンコーテクノ	3550
サンコール	3550
サンポット	3550
シンポ	3550
ジェイテックコーポレーション	3550
ジーテクト	3550
スーパーツール	3550
センクシア	3550
ダイケン	3550
ダイニチ工業	3550
トーアミ	3550
トーカロ	3550
トーソー	3550
トープラ	3550
ネポン	3550
ノーリツ	3550
ハーマン (ガス器具メーカー)	3550
ハーマンプロ	3550
パイオラックス	3550
ファインシンター	3550
フジマック	3550
ホッカンホールディングス	3550
マルゼン (厨房機器)	3550
ミヤコ (水まわり)	3550
モリテック スチール	3550
ヤマシナ	3550
リケン	3550
リンナイ	3550
ロブテックス	3550
三ツ知	3550
三協立山	3550
三和シヤッター工業	3550
三洋工業	3550
三益半導体工業	3550
不二サッシ	3550
中国工業	3550
中央ビルト工業	3550
中央発條	3550
中西製作所	3550
丸順	3550
京都機械工具	3550
信和	3550
元旦ビューティ工業	3550
共和工業所	3550
兼房	3550
協立エアテック	3550
大谷工業	3550
天龍製鋸	3550
宮地エンジニアリンググループ	3550
山王 (金属めっき)	3550
岡部 (金属加工)	3550
川岸工業	3550
川田テクノロジーズ	3550
文化シヤッター	3550
日創プロニティ	3550
日本ティーエス	3550
日本パワーファスニング	3550
日本フイルコン	3550
日本建鐵	3550
日本橋梁	3550
日本発条	3550
日本製罐	3550
日東精工	3550
日立化成	3550
日鉄住金ドラム	3550
昭和鉄工	3550
東プレ	3550
東京製綱	3550
東洋シヤッター	3550
東洋刃物	3550
東洋製罐	3550
東洋製罐グループホールディングス	3550
横河ブリッジ	3550
瀧上工業	3550
片山ストラテック	3550
特殊電極	3550
田中亜鉛鍍金	3550
知多鋼業	3550
稲葉製作所	3550
立川ブラインド工業	3550
菊池製作所	3550
那須電機鉄工	3550
長府製作所	3550
駒井ハルテック	3550
高周波熱錬	3550
高田機工	3550
DMG森精機	3600
FUJI (企業)	3600
IHI	3600
IHI運搬機械	3600
JUKI	3600
KITANO	3600
KVK	3600
NCホールディングス	3600
NFKホールディングス	3600
NTN	3600
OKK (企業)	3600
SMC	3600
TAIYO (企業)	3600
TCM (企業)	3600
THK (機械メーカー)	3600
TOWA	3600
TPR	3600
やまびこ (企業)	3600
アイダエンジニアリング	3600
アイチコーポレーション	3600
アドテックエンジニアリング	3600
アネスト岩田	3600
アピックヤマダ	3600
アマダホールディングス	3600
アマノ	3600
イワキ (ポンプ)	3600
イーグル工業	3600
ウィンブルヤマグチ	3600
エア・ウォーター防災	3600
エイチアンドエフ	3600
エスティック	3600
エス・イー・エス	3600
エヌ・ピー・シー	3600
エフオーアイ	3600
エンシュウ	3600
エーワン精密	3600
オイレス工業	3600
オカダアイヨン	3600
オプトラン	3600
オリエンタルチエン工業	3600
オルガノ	3600
オーイズミ	3600
オーエスジー	3600
オーエム製作所	3600
オークマ	3600
カワタ	3600
キクカワエンタープライズ	3600
キタムラ機械	3600
キッツ	3600
キトー	3600
キヤノンファインテックニスカ	3600
キヤノンマシナリー	3600
クボタ	3600
グローリー (企業)	3600
ゲームカード・ジョイコホールディングス	3600
コナミアミューズメント	3600
コマツNTC	3600
ササキコーポレーション	3600
ササクラ	3600
サトーホールディングス	3600
サムコ	3600
サンセイ	3600
サンデンホールディングス	3600
シチズンマシナリーミヤノ	3600
シルバー精工	3600
シーケーディ	3600
ジェイテクト	3600
スチール (栃木県)	3600
セガサミーホールディングス	3600
セコニック	3600
セタ (企業)	3600
ゼネラルパッカー	3600
ソディック	3600
ソディックハイテック	3600
ソディックプラステック	3600
タイガーカワシマ	3600
タイヨーエレック	3600
タカキタ	3600
タカトリ	3600
タクマ (企業)	3600
タクミナ	3600
タケダ機械	3600
タダノ	3600
タツモ	3600
ダイキン工業	3600
ダイコク電機	3600
ダイジェット工業	3600
ダイフク	3600
ダイベア	3600
ツガミ	3600
ツバキ・ナカシマ	3600
テクノスマート	3600
テセック	3600
ディスコ (切断装置製造)	3600
トリニティ工業	3600
トーヨーカネツ	3600
トーヨーコーケン	3600
ナビタス	3600
ナブテスコ	3600
ニスカ	3600
ニチダイ	3600
ニッセイ	3600
ニッチツ	3600
ニューフレアテクノロジー	3600
ハマイ	3600
ハーモニック・ドライブ・システムズ	3600
パンチ工業	3600
ヒラノテクシード	3600
ヒーハイスト精工	3600
ファブリカ トヤマ	3600
フジテック	3600
フリュー	3600
フリージア・マクロス	3600
フロイント産業	3600
プラコー	3600
プロデュース (新潟県)	3600
ペガサスミシン製造	3600
ホシザキ	3600
ホソカワミクロン	3600
ボルトエンジニア	3600
マキタ	3600
マキタ沼津	3600
マックス (機械メーカー)	3600
マミヤ・オーピー	3600
マメトラ農機	3600
マルマエ	3600
マルマス機械	3600
マースエンジニアリング	3600
ミクロン精密	3600
ヤマザキ (機械メーカー)	3600
ヤマザキマザック	3600
ヤマシンフィルタ	3600
ヤマダコーポレーション	3600
ユニオンツール	3600
ユニバーサルエンターテインメント	3600
ユーシン精機	3600
ヨシタケ	3600
リケン	3600
レオン自動機	3600
ローツェ (企業)	3600
ワイエイシイホールディングス	3600
三井海洋開発	3600
三共 (パチンコ)	3600
三友工業	3600
三條機械製作所	3600
三浦工業	3600
三精テクノロジーズ	3600
三菱マヒンドラ農機	3600
三菱化工機	3600
三菱日立ツール	3600
三菱重工冷熱	3600
三菱重工業	3600
不二精機	3600
不二越	3600
中北製作所	3600
中日本鋳工	3600
中村超硬	3600
中野冷機	3600
丸山製作所	3600
井関農機	3600
住友精密工業	3600
住友重機械工業	3600
倉敷機械	3600
兼松エンジニアリング	3600
冨士ダイス	3600
前澤工業	3600
前澤給装工業	3600
前田製作所 (長野県)	3600
加地テック	3600
加藤製作所	3600
北川精機	3600
北川鉄工所	3600
北越工業	3600
名機製作所	3600
和井田製作所	3600
四国化工機	3600
大同工業	3600
大和冷機工業	3600
大島農機	3600
大崎エンジニアリング	3600
大機エンジニアリング	3600
大豊工業	3600
天辻鋼球製作所	3600
太平製作所	3600
太陽工機	3600
妙徳	3600
宇部興産機械	3600
宇野澤組鐵工所	3600
宮入バルブ製作所	3600
富士テクニカ宮津	3600
富士変速機	3600
富士精工	3600
寺本鉄工所	3600
小倉クラッチ	3600
小島鐵工所	3600
小松製作所	3600
小森コーポレーション	3600
小池酸素工業	3600
小田原エンジニアリング	3600
AKIBAホールディングス	3650
AOpen	3650
ASTI	3650
AXIA	3650
Abalance	3650
BOSE	3650
BenQ	3650
C&Gシステムズ	3650
CEC (企業)	3650
DXアンテナ	3650
EIZO	3650
FDK	3650
GIGABYTE	3650
HGST	3650
IBM	3650
IDEC	3650
IMAGICA GROUP	3650
IWC	3650
Iiyama	3650
JUKI	3650
JVCケンウッド	3650
KIホールディングス	3650
MCJ	3650
MUTOHホールディングス	3650
NECプラットフォームズ	3650
NIRO	3650
NKKスイッチズ	3650
NTT-ME	3650
OA機器	3650
OBARA GROUP	3650
OSGコーポレーション	3650
SCREENホールディングス	3650
SEMITEC	3650
SMK (企業)	3650
Santec	3650
TBグループ	3650
TDK	3650
TDKラムダ	3650
TOA (企業)	3650
TOTOKU	3650
かわでん	3650
すばる光電子	3650
ぷらっとホーム	3650
アイコム	3650
アイホン	3650
アイリバー	3650
アイレックス	3650
アイ・オー・データ機器	3650
アオイ電子	3650
アキュフェーズ	3650
アクセル (電気機器)	3650
アジアグロースキャピタル	3650
アズビル	3650
アップル (企業)	3650
アドテック	3650
アドテック プラズマ テクノロジー	3650
アドバンテスト	3650
アバールデータ	3650
アマダミヤチ	3650
アライドテレシスホールディングス	3650
アルチザネットワークス	3650
アルバック	3650
アルパイン (企業)	3650
アルファデータ	3650
アルプスアルパイン	3650
アンデス電気	3650
アンリツ	3650
アーム電子	3650
アール・ダブリュー・シー	3650
イビデン	3650
イリソ電子工業	3650
インスペック	3650
インタフェース (企業)	3650
インネクスト	3650
イーター電機工業	3650
ウインテスト	3650
ウシオ電機	3650
エイアンドティー	3650
エイサー (企業)	3650
エスケーエレクトロニクス	3650
エスペック	3650
エナジーサポート	3650
エヌエフ回路設計ブロック	3650
エヌ・ティ・ティ エムイー	3650
エネサーブ	3650
エノモト	3650
エバーグリーン (コンピュータ周辺機器)	3650
エムケー精工	3650
エムディケー	3650
エルナー	3650
エルピーダメモリ	3650
エルモ社	3650
エレクトロラックス	3650
エレコム	3650
エンプラス	3650
オタリ	3650
オプテックス	3650
オプテックスグループ	3650
オプテックス・エフエー	3650
オプトエレクトロニクス	3650
オムロン	3650
オリエント時計	3650
オリオン電機	3650
オリジン (メーカー)	3650
オリンパス	3650
オンキヨー	3650
オーディオテクニカ	3650
オーデリック	3650
オー・エイチ・ティー	3650
カシオマイクロニクス	3650
カシオ計算機	3650
キヤノン	3650
キヤノン電子	3650
キューヘン	3650
キョウデン	3650
キングジム	3650
キーエンス	3650
クラリオン	3650
クリエイティブテクノロジー	3650
グラスバレー (企業)	3650
グラフィック プロダクツ	3650
グラフテック	3650
グリーンハウス (コンピュータ周辺機器製造)	3650
ケル	3650
ケンウッド	3650
ケンコー (光学)	3650
コイト電工	3650
コクヨ	3650
コシナ	3650
コダック	3650
コニカミノルタ	3650
コロナ (暖房器具)	3650
コンテック	3650
コーア	3650
コーセル	3650
サイレックス・テクノロジー	3650
サクサホールディングス	3650
サムスン電子	3650
サンケン電気	3650
サンコー (長野県)	3650
サンディスク	3650
サンワサプライ	3650
サン電子	3650
ザインエレクトロニクス	3650
シグマ (カメラ)	3650
シコー (モータ)	3650
シスメックス	3650
シチズン時計	3650
シナノケンシ	3650
シャープ	3650
シライ電子工業	3650
シンクロン	3650
シントム	3650
シンフォニア テクノロジー	3650
シーゲート	3650
シーシーエス	3650
ジオマテック	3650
ジャパンディスプレイ	3650
ジャルコ	3650
ジーエス・ユアサコーポレーション	3650
スタンレー電気	3650
スター精密	3650
スミダ コーポレーション	3650
ズーム (楽器メーカー)	3650
セイコーインスツル	3650
セイコーエプソン	3650
セイコーホールディングス	3650
セコニック	3650
セーラー万年筆	3650
ゼネラル・エレクトリック	3650
ソニー	3650
ソニー・エリクソン・モバイルコミュニケーションズ	3650
ソフィアホールディングス	3650
ソルガム・ジャパン・ホールディングス	3650
タイガー魔法瓶	3650
タイテック	3650
タカチホメディカル	3650
タムラ製作所	3650
タムロン	3650
ダイエー	3650
ダイキン工業	3650
ダイシン電機	3650
ダイヘン	3650
ダイヤモンドエレクトリックホールディングス	3650
ダイヤモンド電機	3650
ダブル・スコープ	3650
チノー	3650
ツインバード工業	3650
ティアック	3650
ティアックエソテリック	3650
テクニカル電子	3650
テクノホライゾン・ホールディングス	3650
テクノメディカ	3650
テクノ・セブン	3650
テスコム	3650
テラプローブ	3650
ディーアンドエムホールディングス	3650
デノン	3650
デンソー	3650
デンソーテン	3650
FTS	3700
GMB (企業)	3700
IJTT	3700
KYB	3700
NOK (企業)	3700
SUBARU	3700
TBK	3700
TDF (企業)	3700
THKリズム	3700
UDトラックス	3700
いすゞ自動車	3700
アイシン・エィ・ダブリュ	3700
アイシン精機	3700
アイシン軽金属	3700
アイメタルテクノロジー	3700
アスカ (自動車部品)	3700
アート金属工業	3700
イクヨ	3700
ウイング（企業）	3700
エイケン工業	3700
エイチワン	3700
エクセディ	3700
エッチ・ケー・エス	3700
エフテック	3700
エフ・シー・シー	3700
オオシマ自工	3700
カネミツ	3700
カルソニックカンセイ	3700
カワムラサイクル	3700
カーメイト	3700
ケーヒン	3700
サノヤスホールディングス	3700
シマノ	3700
ショーワ	3700
シロキ工業	3700
ジェイ・バス	3700
ジャパン マリンユナイテッド	3700
ジャパンエンジンコーポレーション	3700
ジャムコ	3700
ジョンソンコントロールズ	3700
ジーテクト	3700
スズキ (企業)	3700
スズヤ	3700
タカタ (企業)	3700
タチエス	3700
タツミ	3700
ダイハツディーゼル	3700
ダイハツ工業	3700
ティラド	3700
テイケイ気化器	3700
テイン	3700
テイ・エス テック	3700
テクノエイト	3700
デイトナ (企業)	3700
デンソー	3700
トピー工業	3700
トヨタ紡織	3700
トヨタ自動車	3700
トヨタ自動車東日本	3700
トヨタ車体	3700
ナンシン	3700
ニッキ (企業)	3700
ハイレックスコーポレーション	3700
ファルテック	3700
フジオーゼックス	3700
フタバ産業	3700
プレス工業	3700
ホンダアクセス	3700
ホンダエンジニアリング	3700
ホンダロック	3700
マツダ	3700
マルヤス工業	3700
マーレ	3700
ミクニ	3700
ムロコーポレーション	3700
モリタ	3700
モリタ宮田工業	3700
ヤマハモーターサポート&サービス	3700
ヤマハ発動機	3700
ヤンマー	3700
ユタカ技研	3700
ユニバンス	3700
ユニプレス	3700
ヨロズ	3700
リケン	3700
リード (企業)	3700
レシップ	3700
レゾナント・システムズ	3700
ロバート・ボッシュ (企業)	3700
ワイズギア	3700
三井E&Sホールディングス	3700
三櫻工業	3700
三菱ふそうトラック・バス	3700
三菱ロジスネクスト	3700
三菱自動車工業	3700
三菱重工業	3700
今仙電機製作所	3700
今治造船	3700
佐世保重工業	3700
信貴造船所	3700
光岡自動車	3700
八千代工業	3700
内海造船	3700
名村造船所	3700
大同メタル工業	3700
太平洋工業	3700
安永 (自動車部品)	3700
富士機工	3700
富士機械	3700
小田原機器	3700
尾張精機	3700
山田製作所	3700
岐阜車体工業	3700
岩田商会	3700
川崎重工業	3700
市光工業	3700
愛三工業	3700
愛知機械工業	3700
新明和工業	3700
日信工業	3700
日本の造船会社と造船所の一覧	3700
日本ガスケット	3700
日本プラスト	3700
日本精機	3700
日本車輌製造	3700
日本電産トーソク	3700
日産自動車	3700
日産車体	3700
日立製作所	3700
日野自動車	3700
昭和飛行機工業	3700
曙ブレーキ工業	3700
本田技研工業	3700
本田技術研究所	3700
本田金属技術	3700
村上開明堂	3700
東亜工業	3700
東京ラヂエーター製造	3700
東洋シート	3700
東洋電装	3700
東海理化電機製作所	3700
柳河精機	3700
桜井製作所	3700
極東開発工業	3700
武蔵精密工業	3700
河西工業	3700
田中精密工業	3700
盟和産業	3700
神菱	3700
総合車両製作所	3700
自動車部品工業	3700
芦森工業	3700
豊田合成	3700
豊田自動織機	3700
輸送機工業	3700
近畿車輛	3700
阪神内燃機工業	3700
鬼怒川ゴム工業	3700
HOYA	3750
IMV	3750
アズビル金門	3750
イシダ	3750
インターアクション	3750
エルモ社	3750
エー・アンド・デイ	3750
オリエント時計	3750
オリンパス	3750
オーバル (企業)	3750
クボテック	3750
クリエートメディック	3750
コシナ	3750
サイバーダイン	3750
シグマ光機	3750
シチズンファインデバイス	3750
シチズン時計	3750
シンシア (医療機器メーカー)	3750
シード (レンズメーカー)	3750
ジェイ・エム・エス	3750
ジェコー	3750
ジャパン・ティッシュ・エンジニアリング	3750
ジーエルサイエンス	3750
スリー・ディー・マトリックス	3750
セイコーインスツル	3750
セイコーウオッチ	3750
セイコークロック	3750
セイコーホールディングス	3750
セコニック	3750
セルシード	3750
セントラルユニ	3750
ソキア・トプコン	3750
タムロン	3750
チノン	3750
テルモ	3750
トプコン	3750
ナカニシ	3750
ナノテックス	3750
ニコン	3750
ニプロ	3750
ノーリツ鋼機	3750
パトライト	3750
フジキン	3750
フレクストロニクス	3750
ブイ・テクノロジー	3750
プレシジョン・システム・サイエンス	3750
ペンタックス	3750
マニー	3750
ミニター	3750
メディキット	3750
メニコン	3750
モリテックス	3750
ユニオンホールディングス	3750
ユニオン光学	3750
リコーエレメックス	3750
リズム時計工業	3750
並木精密宝石	3750
住田光学ガラス	3750
助川電気工業	3750
吉川アールエフシステム	3750
吉川セミコンダクタ	3750
国際計測器	3750
大研医器	3750
太陽技研 (東京都)	3750
太陽技研 (群馬県)	3750
小林製作所	3750
岡本硝子	3750
島津製作所	3750
川澄化学工業	3750
平山ホールディングス	3750
愛知時計電機	3750
日本精密	3750
日本電産コパル	3750
日機装	3750
明和eテック	3750
朝日インテック	3750
東京精密	3750
東京衡機	3750
東京計器	3750
松風 (京都府)	3750
柴田科学	3750
理学電機	3750
理学電機工業	3750
理研計器	3750
矢崎総業	3750
矢崎計器	3750
石山Gateway Holdings	3750
長野計器	3750
As-meエステール	3800
LIXIL	3800
MTG (企業)	3800
NISSHA	3800
SHO-BI	3800
SHOEI	3800
SRIスポーツ	3800
TASAKI	3800
からだはうす	3800
くろがね工作所	3800
アイフィスジャパン	3800
アイリスオーヤマ	3800
アシックス	3800
アデランス	3800
アトラス (ゲーム会社)	3800
アビックス	3800
アライヘルメット	3800
アルメディオ	3800
アーク (試作品メーカー)	3800
アートネイチャー	3800
アールエスタイチ	3800
アールシーコア	3800
イトーキ	3800
ウィズ (玩具)	3800
ウィング (玩具)	3800
ウイルコホールディングス	3800
ウェーブロックホールディングス	3800
ウッドワン	3800
エイベックス・グループ	3800
オカムラ	3800
オプトロム	3800
オリバー (家具)	3800
オービス (企業)	3800
カワセコンピュータサプライ	3800
カーディナル (カードメーカー)	3800
カーニバル (玩具)	3800
カール事務機	3800
キングジム	3800
クシタニ	3800
クツワ	3800
クリナップ	3800
クレステック	3800
クロスフォー	3800
クロバー	3800
グラファイトデザイン	3800
グローブライド	3800
ゲーム会社一覧	3800
コクヨ	3800
コクヨS&T	3800
コマニー	3800
コミネオートセンター	3800
コンビ (企業)	3800
サマンサタバサ	3800
サンウエーブ工業	3800
サンメッセ	3800
シーエスラボ	3800
シー・エス・ランバー	3800
ジャム (玩具)	3800
ジャレコ	3800
スノーピーク	3800
ズームス	3800
セイリン	3800
セガゲームス	3800
セガサミーホールディングス	3800
セガトイズ	3800
セガホールディングス	3800
セガ・インタラクティブ	3800
セキ (愛媛県)	3800
セブン工業	3800
セラピ	3800
セーラー万年筆	3800
ソノコム	3800
タカノ (家具)	3800
タカラスタンダード	3800
タカラトミー	3800
タカラトミーアーツ	3800
ツツミ	3800
トッパン・フォームズ	3800
トランザクション (企業)	3800
トーイン	3800
ナカバヤシ	3800
ニッピ	3800
ニホンフラッシュ	3800
ノダ	3800
ハイビック	3800
ハート (企業)	3800
ハート封筒	3800
バス・コーポレーション	3800
バンダイ	3800
バンダイナムコアミューズメント	3800
バンダイナムコホールディングス	3800
バンプレスト	3800
パイロットコーポレーション	3800
パブリック (企業)	3800
パラマウントベッド	3800
パラマウントベッドホールディングス	3800
ヒーロー (玩具メーカー)	3800
ピジョン	3800
ピープル (玩具メーカー)	3800
フジコピアン	3800
フジシールインターナショナル	3800
フランスベッド	3800
フランスベッドホールディングス	3800
フルヤ金属	3800
フード・プラネット	3800
ブロッコリー (企業)	3800
プラッツ (福祉用具)	3800
プリントネット	3800
プロネクサス	3800
ベルテクノ	3800
ホウトク	3800
ホクシン	3800
マジェスティ ゴルフ	3800
マスダヤ	3800
マツモト (福岡県)	3800
マーク (玩具)	3800
ミズノ	3800
ミロク	3800
メルクス	3800
ヤマハ	3800
ユニヘアー	3800
ヨネザワ (玩具)	3800
ヨネックス	3800
ライオン事務機	3800
リヒトラブ	3800
リンテック	3800
リーガルコーポレーション	3800
レイメイ藤井	3800
ロング (玩具)	3800
ローランド	3800
三光産業	3800
三浦印刷	3800
三菱鉛筆	3800
中井 (玩具)	3800
中本パックス	3800
丸進玩具	3800
久月	3800
任天堂	3800
光・彩	3800
光村印刷	3800
光陽社	3800
全医療器	3800
共同印刷	3800
共和産業	3800
共立印刷	3800
兼松サステック	3800
凸版印刷	3800
前田工繊	3800
前田豊吉商店	3800
南海プライウッド	3800
名古屋木材	3800
図書印刷	3800
壽屋 (玩具店)	3800
大建工業	3800
大日本印刷	3800
大日本木材防腐	3800
大洋エヌピーエス	3800
大洋技研 (東京都)	3800
天龍木材	3800
宝印刷	3800
小松ウオール工業	3800
尾上萬	3800
山正	3800
山田平安堂	3800
市村商店 (玩具)	3800
平賀	3800
幸和製作所	3800
康昇	3800
廣済堂	3800
徳間書店	3800
日本アイ・エス・ケイ	3800
日本ウェーブロック	3800
日本ファイリング	3800
日本フォームサービス	3800
日本中国温灸	3800
日本創発グループ	3800
日本薬興	3800
早川玩具	3800
明健社	3800
明和eテック	3800
昭文社	3800
東京ボード工業	3800
東京リスマチック	3800
東洋薬品工業	3800
桑山	3800
業種	3800
段谷産業	3800
永大産業	3800
河合楽器製作所	3800
浅香工業	3800
理研化成	3800
研創	3800
福島印刷	3800
竹田印刷	3800
総合商研	3800
興研	3800
菊水化学工業	3800
萩原工業	3800
F-Power	4050
NTTファシリティーズ	4050
TOKAI	4050
いわきガス	4050
にかほ市	4050
にかほ市ガス水道局	4050
のしろエネルギーサービス	4050
イーレックス	4050
エコア	4050
エネサーブ	4050
エネット	4050
エフオン	4050
サミットエナジー	4050
ザ・トーカイ	4050
ダイヤモンドパワー	4050
フジオックス	4050
レノバ	4050
一般ガス事業者	4050
一般送配電事業者	4050
一関ガス	4050
上田ガス	4050
上越市	4050
上越市ガス水道局	4050
上野都市ガス	4050
下仁田町	4050
下仁田町ガス水道課	4050
下田ガス	4050
中国電力	4050
中遠ガス	4050
中部ガス	4050
中部電力	4050
丹後ガス	4050
久留米ガス	4050
九十九里町	4050
九十九里町ガス事業課	4050
九州ガス	4050
九州電力	4050
五所川原ガス	4050
五条ガス	4050
京和ガス	4050
京葉ガス	4050
仙南ガス	4050
仙台市ガス局	4050
伊万里ガス	4050
伊丹産業	4050
伊勢崎ガス	4050
伊奈都市ガス	4050
伊東ガス	4050
住友共同電力	4050
佐渡ガス	4050
佐賀ガス	4050
佐野ガス	4050
信州ガス	4050
入間ガス	4050
八戸ガス	4050
六本木エネルギーサービス	4050
出水ガス	4050
出雲ガス	4050
加治木ガス	4050
北日本ガス	4050
北海道ガス	4050
北海道電力	4050
北陸ガス	4050
北陸電力	4050
十和田ガス	4050
千葉ガス	4050
南日本ガス	4050
南海ガス	4050
厚木ガス	4050
古川ガス	4050
吉田ガス	4050
名張近鉄ガス	4050
唐津ガス	4050
四国ガス	4050
四国電力	4050
因の島ガス	4050
国分隼人ガス	4050
土佐ガス	4050
坂戸ガス	4050
埼玉ガス	4050
堀川産業	4050
塩釜ガス	4050
大分ガス	4050
大和ガス	4050
大垣ガス	4050
大多喜ガス	4050
大東ガス	4050
大武	4050
大武 (企業)	4050
大津市企業局	4050
大牟田ガス	4050
大町ガス	4050
大網白里市	4050
大網白里市ガス事業課	4050
大阪ガス	4050
天草ガス	4050
太田都市ガス	4050
妙高市	4050
妙高市ガス上下水道局	4050
室蘭ガス	4050
宮崎ガス	4050
富岡市	4050
寒河江ガス	4050
小千谷市	4050
小千谷市ガス水道局	4050
小売電気事業者	4050
小松ガス	4050
小浜ガス	4050
小田原ガス	4050
山口合同ガス	4050
山形ガス	4050
山鹿都市ガス	4050
岡山ガス	4050
岩見沢ガス	4050
島田ガス	4050
帯広ガス	4050
常磐共同ガス	4050
常磐都市ガス	4050
幸手都市ガス	4050
広島ガス	4050
庄内中部ガス	4050
庄内町	4050
庄内町企業課	4050
弘前ガス	4050
御殿場ガス	4050
房州ガス	4050
敦賀ガス	4050
新宮ガス	4050
新庄都市ガス	4050
新日本ガス	4050
新発田ガス	4050
日本の電力会社	4050
日本の電力会社一覧 (戦前)	4050
日本ガス	4050
日本ガス協会	4050
日本テクノ (電気)	4050
日本卸電力取引所	4050
日本原子力発電	4050
日本海ガス	4050
日本瓦斯	4050
日本風力開発	4050
日高都市ガス	4050
旭川ガス	4050
昭島ガス	4050
本庄ガス	4050
東上ガス	4050
東京ガス	4050
東京ガス山梨	4050
東京電力パワーグリッド	4050
東京電力ホールディングス	4050
東北ガス	4050
東北電力	4050
東彩ガス	4050
東日本ガス	4050
東邦ガス	4050
東部ガス	4050
東部液化石油	4050
東金市	4050
東金市経済環境部ガス課	4050
松本ガス	4050
松栄ガス	4050
松江市ガス局	4050
柏崎市	4050
柏崎市ガス水道局	4050
栃木ガス	4050
栄ガス消費生活協同組合	4050
桐生ガス	4050
桜井ガス	4050
武州ガス	4050
武蔵野ガス	4050
武陽ガス	4050
気仙沼市	4050
気仙沼市ガス水道部	4050
水島ガス	4050
水沢ガス	4050
沖縄ガス	4050
沖縄電力	4050
河内長野ガス	4050
沼田ガス	4050
津山ガス	4050
津島ガス	4050
洲本ガス	4050
浜田ガス	4050
渋川ガス	4050
湖東ガス	4050
湯河原ガス	4050
滝川ガス	4050
熱海ガス	4050
特定送配電事業者	4050
犬山ガス	4050
由利本荘市	4050
由利本荘市ガス水道局	4050
甲賀協同ガス	4050
男鹿市	4050
男鹿市企業局	4050
白子町	4050
白子町ガス事業所	4050
白根ガス	4050
C&Fロジホールディングス	5050
HINODE&SONS	5050
JAえひめ物流	5050
MKタクシー	5050
New松本引越センター	5050
SBSフレック	5050
SBSホールディングス	5050
SBSロジコム	5050
SGホールディングス	5050
あんしんネット21	5050
あんしんネットあいち	5050
あんしんネットなごや	5050
たかだ引越センター	5050
つばめ自動車	5050
アイ引越センター	5050
アサヒロジ	5050
アサヒロジスティクス	5050
アサヒ物流	5050
アルプス物流	5050
アーク引越センター	5050
アートコーポレーション	5050
アートバンライン	5050
イオンフードサプライ	5050
イナミコーポレーション	5050
イナリク	5050
イワタ輸送センター	5050
イースタンモータース	5050
ウェルカム・バスケット	5050
エコ配	5050
エスケーサービス	5050
エスライン	5050
エスラインギフ	5050
エスライン九州	5050
エス・ディ・ロジ	5050
オカゼン	5050
オレンジライン (企業)	5050
オーワ (愛知県)	5050
カトーレック	5050
カリツー	5050
カンダホールディングス	5050
キユーソー流通システム	5050
キリングループロジスティクス	5050
グリーンキャブ	5050
ケイヒン配送	5050
サカイ引越センター	5050
サッポログループ物流	5050
シンクラン	5050
ジェイアール東日本物流	5050
ジェイアール東海物流	5050
ジェイアール西日本マルニックス	5050
ジャパンカーゴ	5050
スリーエス・サンキュウ	5050
スーパーカーゴ	5050
セイノースーパーエクスプレス	5050
セイノーホールディングス	5050
セガ・ロジスティクスサービス	5050
センコン物流	5050
センコーグループホールディングス	5050
ゼイ・アール	5050
ゼロ (輸送会社)	5050
タカセ	5050
ダイコー商運	5050
ダイセーロジスティクス	5050
トナミ運輸	5050
トヨタ輸送	5050
トランコム	5050
トールエクスプレスジャパン	5050
ナチロジスティクス	5050
ニッコンホールディングス	5050
ニヤクコーポレーション	5050
ハウス物流サービス	5050
ハマキョウレックス	5050
ハロー・トーキョー	5050
バンテック (物流)	5050
ヒガシトゥエンティワン	5050
ヒューテックノオリン	5050
フィッタ ジャパン ロジスティカ	5050
ベストライン	5050
ホンダロジスティクス	5050
ボックスチャーター	5050
マリネックス	5050
ムービング	5050
メディアサポート (愛知県)	5050
ヤクシン運輸	5050
ヤマトホールディングス	5050
ヤマトボックスチャーター	5050
ヤマトマルチチャーター	5050
ヤマト運輸	5050
ユートランス	5050
ライオン交通	5050
ライフサポート・エガワ	5050
ランテック	5050
ランドキャリー	5050
ロジネットジャパン	5050
ロジパルエクスプレス	5050
一宮運輸	5050
三八五流通	5050
三和交通 (神奈川県)	5050
三菱ケミカル物流	5050
三重執鬼	5050
不二運輸	5050
両備ホールディングス	5050
両備運輸	5050
中国地方の乗合バス事業者	5050
中国地方の貸切バス事業者	5050
中央交通 (愛知県)	5050
中央運輸	5050
中越通運	5050
中越運送	5050
中部地方の乗合バス事業者	5050
中部地方の貸切バス事業者	5050
丸全昭和運輸	5050
丸和運輸機関	5050
丸菱運輸	5050
丸運	5050
丹後西濃運輸	5050
久留米運送	5050
九州名鉄運輸	5050
九州地方の乗合バス事業者	5050
九州地方の貸切バス事業者	5050
九州産交運輸	5050
五健堂	5050
井阪運輸	5050
京極運輸商事	5050
京王運輸	5050
仙台日通	5050
伊予商運	5050
会津タクシー	5050
佐川急便	5050
信州名鉄運輸	5050
備後通運	5050
全国赤帽軽自動車運送協同組合連合会	5050
共栄運輸	5050
共立トランスポート	5050
共進運輸	5050
北海道の乗合バス事業者	5050
北海道の貸切バス事業者	5050
北海道交運グループ	5050
北陸トラック運送	5050
北陸名鉄運輸	5050
南総通運	5050
博運社	5050
原運輸	5050
合通	5050
合通カシロジ	5050
名正運輸	5050
名糖運輸	5050
名鉄交通	5050
名鉄急配	5050
名鉄東部交通	5050
名鉄運輸	5050
味の素物流	5050
和協	5050
四国名鉄運輸	5050
四国地方の乗合バス事業者	5050
四国地方の貸切バス事業者	5050
四国西濃運輸	5050
四日市つばめ交通	5050
国際自動車	5050
土浦通運	5050
塩竈港運送	5050
境港海陸運送	5050
多摩流通	5050
大友運送	5050
大和物流	5050
大和自動車交通	5050
大宝運輸	5050
大日運輸	5050
大興運輸	5050
大阪センコー運輸	5050
大阪岡崎運輸	5050
奈良運送	5050
奈良郵便輸送	5050
宇和島自動車運送	5050
安房運輸	5050
宮園自動車	5050
富士物流	5050
富士運輸	5050
山九	5050
山陽自動車運送	5050
岡山タクシー	5050
岡山交通	5050
岡山県貨物運送	5050
帝都自動車交通	5050
引越社	5050
徳島通運	5050
愛知つばめ交通	5050
愛知陸運	5050
新潟運輸	5050
日の丸自動車 (岐阜県)	5050
日の出運輸	5050
日ノ丸西濃運輸	5050
日商	5050
日本の鉄道事業者一覧	5050
日本クーリエサービス	5050
日本ロジテム	5050
日本交通 (大阪府)	5050
日本交通 (島根県)	5050
日本交通 (東京都)	5050
NSユナイテッド内航海運	5100
NSユナイテッド海運	5100
NYKバルク・プロジェクト貨物輸送	5100
イースタン・カーライナー	5100
エッソ海運	5100
オーシャントランス	5100
トヨフジ海運	5100
フェリーさんふらわあ	5100
フジトランスコーポレーション	5100
三光汽船	5100
三菱鉱石輸送	5100
上海スーパーエクスプレス	5100
上野トランステック	5100
九州郵船	5100
乾汽船	5100
伊勢湾海運	5100
佐渡汽船	5100
共栄タンカー	5100
加藤汽船	5100
協和海運	5100
南海フェリー	5100
名港海運	5100
名門大洋フェリー	5100
商船三井	5100
大阪岡崎運輸	5100
太平洋海運	5100
宇徳	5100
川崎汽船	5100
川崎近海汽船	5100
後藤回漕店	5100
志摩マリンレジャー	5100
新日本海フェリー	5100
日本クルーズ客船	5100
日本海運	5100
日本郵船	5100
日正汽船	5100
日産専用船	5100
日鉄住金物流	5100
明治海運	5100
東京汽船	5100
東京湾フェリー	5100
東京船舶	5100
東栄リーファーライン	5100
東海汽船	5100
東興海運	5100
栗林商船	5100
津エアポートライン	5100
海運	5100
玉井商船	5100
神原汽船	5100
福山海運	5100
第一中央汽船	5100
関光汽船	5100
阪九フェリー	5100
飯野海運	5100
鶴見サンマリン	5100
AIRDO	5150
ANAホールディングス	5150
IBEXエアラインズ	5150
アジア航測	5150
スカイマーク	5150
スターフライヤー	5150
セコ・インターナショナル	5150
ソラシドエア	5150
パスコ (航空測量)	5150
フジドリームエアラインズ	5150
中日本航空	5150
公共施設地図航空	5150
国際航業	5150
日本航空	5150
朝日航洋	5150
本田航空	5150
空運	5150
NTTロジスコ	5200
Q配サービス	5200
アイ・ロジスティクス	5200
アサガミ	5200
イヌイ倉庫	5200
エスライン	5200
エフシースタンダードロジックス	5200
エーアイテイー	5200
エージーピー	5200
オーナミ	5200
カネミ倉庫	5200
キムラユニティー	5200
キユーソー流通システム	5200
ケイヒン	5200
サンリツ	5200
シモハナ物流	5200
ショーエイコーポレーション	5200
ダイワコーポレーション	5200
トランコム	5200
トレーディア	5200
バンテック (物流)	5200
ファイズ (企業)	5200
リンコーコーポレーション	5200
三井倉庫ホールディングス	5200
三井倉庫ロジスティクス	5200
三和倉庫	5200
三菱倉庫	5200
上組	5200
中外海運倉庫	5200
中央倉庫	5200
丸八倉庫	5200
丸紅ロジスティクス	5200
乾汽船	5200
五十嵐冷蔵	5200
伊勢湾海運	5200
伏木海陸運送	5200
住友倉庫	5200
八木運送	5200
兵機海運	5200
内外トランスライン	5200
内外日東	5200
加藤運輸	5200
北旺運輸	5200
名正運輸	5200
名港海運	5200
境港海陸運送	5200
大東港運	5200
大阪倉庫	5200
宇徳	5200
安田倉庫	5200
宝組	5200
寺田倉庫	5200
山手冷蔵	5200
川西倉庫	5200
新日鐵住金	5200
日新	5200
日本ケミカル荷役	5200
日本コンセプト	5200
日本トランスシティ	5200
日本ロジステック	5200
日本ヴォパック	5200
日本超低温	5200
日本通運	5200
旭倉庫	5200
明治ロジテック	5200
杉村倉庫	5200
東京汽船	5200
東洋埠頭	5200
東海運	5200
東陽倉庫	5200
松菱運輸	5200
業種	5200
櫻島埠頭	5200
澁澤倉庫	5200
濃飛倉庫運輸	5200
蔦井倉庫	5200
近鉄エクスプレス	5200
郵船ロジスティクス	5200
鈴与シンワート	5200
1stホールディングス	5250
ACCESS (企業)	5250
AGS (情報システム)	5250
ALBERT	5250
AOI Pro.	5250
AOI TYO Holdings	5250
AQインタラクティブ	5250
ASJ (企業)	5250
Aiming (企業)	5250
AliveCast	5250
Amazia	5250
CAC Holdings	5250
CARTA HOLDINGS	5250
CBCテレビ	5250
CBCラジオ	5250
CEホールディングス	5250
CIJ	5250
CRI・ミドルウェア	5250
CSK (企業)	5250
DTS (情報システム)	5250
EBASE	5250
EduLab	5250
Enish	5250
Eストアー	5250
FFRI	5250
FIG (企業)	5250
FRACTALE	5250
Fonfun	5250
GMOインサイト	5250
GMOインターネット	5250
GMOクラウド	5250
GMOペイメントゲートウェイ	5250
GMOペパボ	5250
GMOリサーチ	5250
Gooddaysホールディングス	5250
HEROZ	5250
IGポート	5250
ITホールディングス	5250
J-WAVE	5250
JBCCホールディングス	5250
JFEシステムズ	5250
JIEC	5250
JIG-SAW	5250
JWord	5250
Jストリーム	5250
KADOKAWA	5250
KDDI	5250
KSK (ソフトウェア)	5250
KYCOMホールディングス	5250
Kudan	5250
MXモバイリング	5250
Minoriソリューションズ	5250
Mマート (食材卸売サイト)	5250
NCS&A	5250
NDSインフォス	5250
NECネッツエスアイ	5250
NECマグナスコミュニケーションズ	5250
NSD (企業)	5250
NTTPCコミュニケーションズ	5250
NTTコミュニケーションズ	5250
NTTコムウェア	5250
NTTテクノクロス	5250
NTTデータ	5250
NTTデータ・イントラマート	5250
NTTドコモ	5250
NTTブロードバンドプラットフォーム	5250
NTTレゾナント	5250
ODKソリューションズ	5250
OKWave	5250
PCIホールディングス	5250
PKSHA Technology	5250
PR TIMES	5250
RKB毎日ホールディングス	5250
RKB毎日放送	5250
SAMURAI&J PARTNERS	5250
SBIネットシステムズ	5250
SCSK	5250
SEホールディングス・アンド・インキュベーションズ	5250
SHIFT (企業)	5250
SIG (企業)	5250
SKIYAKI (企業)	5250
SMedio	5250
SRA	5250
SYSホールディングス	5250
So-net	5250
TBSテレビ	5250
TBSラジオ	5250
TCBホールディングス	5250
TDCソフト	5250
TIS (企業)	5250
TKC	5250
TOKAIコミュニケーションズ	5250
U-NEXT	5250
ULSグループ	5250
USEN	5250
UUUM	5250
VALUENEX	5250
WOWOW	5250
Welby	5250
YE DIGITAL	5250
YOZAN	5250
ZUU	5250
いい生活	5250
うるる (企業)	5250
くふうカンパニー	5250
さくらインターネット	5250
さくらケーシーエス	5250
じげん	5250
すららネット	5250
みんなのウェディング	5250
よしもとファンダンゴ	5250
アイエックス・ナレッジ	5250
アイサンテクノロジー	5250
アイスタディ	5250
アイティフォー	5250
アイドママーケティングコミュニケーション	5250
アイネス	5250
アイネット (システムインテグレーター)	5250
アイビーシー	5250
アイフリークモバイル	5250
アイリッジ	5250
アイリンク (企業)	5250
アイル (マネージメント)	5250
アイレックス	5250
アイ・エス・ビー	5250
アイ・エックス・アイ	5250
アイ・エム・ジェイ	5250
アイ・ビー・イーホールディングス	5250
アイ・ピー・エス (大阪府)	5250
アイ・ピー・エス (東京都)	5250
アエリア	5250
アカツキ (ゲーム会社)	5250
アクセス (企業)	5250
アクセルマーク	5250
アクモス	5250
アクリート	5250
アクロディア	5250
アグレックス	5250
アグレックスファインテクノ	5250
アジア航測	5250
アスキーソリューションズ	5250
アズジェント	5250
アドソル日進	5250
アドバンスト・メディア	5250
アバント (企業)	5250
アプリックス	5250
アルゴグラフィックス	5250
アルテリア・ネットワークス	5250
アルファクス・フード・システム	5250
アルファシステムズ	5250
アルファポリス	5250
アロックコミュニケーションズ	5250
アンドール	5250
アーティストハウスホールディングス	5250
アートスパークホールディングス	5250
イノベーション (企業)	5250
イマジニア	5250
イメージ情報開発	5250
インタートレード	5250
インターネットイニシアティブ	5250
インターネット総合研究所	5250
インターネベックス・グループ・ホールディングス	5250
インテア・ホールディングス	5250
インテック	5250
インテリジェント ウェイブ	5250
インテージホールディングス	5250
インデックス・ホールディングス	5250
インフォコム	5250
インフォテリア	5250
インフォメーションクリエーティブ	5250
インフォメーション・ディベロプメント	5250
インプレス	5250
インボイス	5250
イーエムシステムズ	5250
イーシー・ワン	5250
イーソル	5250
イーブックイニシアティブジャパン	5250
ウィーヴ	5250
ウェザーニューズ	5250
ウェブセンス・ジャパン	5250
ウェルス・マネジメント (企業)	5250
ウォンテッドリー	5250
ウルシステムズ	5250
エイジア (企業)	5250
エイチアイ	5250
エイチエス	5250
エイチーム	5250
エイティング	5250
エイトレッド	5250
エイベックス・グループ	5250
エキサイト	5250
エクスモーション	5250
エグザート	5250
エコミック	5250
エコモット	5250
エスケーアイ	5250
エックスネット	5250
エディア	5250
エニグモ	5250
エヌアイデイ	5250
BMB	6050
CBグループマネジメント	6050
Cominix	6050
GSIクレオス	6050
INEST	6050
ITX (企業)	6050
JALUX	6050
JFE商事	6050
JKホールディングス	6050
JPホールディングス	6050
KFE JAPAN	6050
Misumi	6050
NESTAGE	6050
NaITO	6050
No.1 (企業)	6050
Nuts	6050
OCHIホールディングス	6050
OUGホールディングス	6050
PALTAC	6050
PALTEK	6050
SOU (企業)	6050
SPK (企業)	6050
TEMCO	6050
TOKAI	6050
TOKAIホールディングス	6050
TRUCK-ONE	6050
UEX	6050
UTグループ	6050
YKT	6050
あらた	6050
ささき商事	6050
すてきナイスグループ	6050
たけびし	6050
ほくやく	6050
ほくやく・竹山ホールディングス	6050
アイケイコーポレーション	6050
アイフラッグ	6050
アイリスオーヤマ	6050
アイ・エム・アイ (卸売業)	6050
アイ・テック	6050
アガスタ	6050
アサヒ商会	6050
アシックス商事	6050
アスト	6050
アスモ (卸売業)	6050
アズワン	6050
アセンテック	6050
アゼアス	6050
アップルインターナショナル	6050
アドヴァン	6050
アマガサ	6050
アムスク	6050
アルコニックス	6050
アルゴグラフィックス	6050
アルテック (卸売業)	6050
アルビス (チェーンストア)	6050
アルファグループ	6050
アルフレッサ	6050
アルフレッサ ホールディングス	6050
アレックシステムサービス	6050
アークコア	6050
イエローハット	6050
イオンディライト	6050
イデアインターナショナル	6050
イノテック	6050
イメージワン	6050
イワキ (卸売業)	6050
インスパイアー	6050
インターニックス	6050
インパクト二十一	6050
インフォース	6050
ウイン・インターナショナル	6050
ウイン・パートナーズ	6050
ウェッズ	6050
ウライ (呉服卸)	6050
エクセル (商社)	6050
エコートレーディング	6050
エスケイジャパン	6050
エトワール海渡	6050
エフティグループ	6050
エフティコミュニケーションズ	6050
エフティコミュニケーションズウエスト	6050
エムオーテック	6050
エムティジェネックス	6050
エレマテック	6050
エンパワー	6050
エー・ディ・エム	6050
オプティマスグループ	6050
オリンパス	6050
オーウイル	6050
オーウエル	6050
オータケ	6050
オートバックスセブン	6050
オーハシテクニカ	6050
オープン工業	6050
カイゲンファーマ	6050
カッシーナ・イクスシー	6050
カナデン	6050
カネヨウ	6050
カノークス	6050
カメイ	6050
カワサキ (大阪府)	6050
カワニシホールディングス	6050
カーチスホールディングス	6050
ガリバーインターナショナル	6050
キムラ (建設資材)	6050
キヤノン	6050
キヤノンマーケティングジャパン	6050
キヤノンライフケアソリューションズ	6050
クインランド	6050
クリエイト	6050
クリヤマ	6050
クリヤマホールディングス	6050
クレスト・インベストメンツ	6050
クロスプラス	6050
クロニクル (企業)	6050
クワザワ	6050
グッドマン (医療機器販売)	6050
グリムス	6050
グリーンクロス	6050
グリーンフーズ	6050
グローバルアジアホールディングス	6050
ケイティケイ	6050
コスモ・バイオ	6050
コメダ	6050
コンセック	6050
コンドーテック	6050
コーア商事ホールディングス	6050
コーエー	6050
コーエーネット	6050
サスティナ (企業)	6050
サトー商会	6050
サハダイヤモンド	6050
サムスン電子	6050
サンゲツ	6050
サンテレホン	6050
サンリオ	6050
サンリン	6050
サンワテクノス	6050
システナ	6050
シップヘルスケアホールディングス	6050
シナネンホールディングス	6050
シネックスインフォテック	6050
シミヅ産業	6050
シモジマ	6050
シャクリー・グローバル・グループ	6050
シャディ	6050
シャルレ	6050
シャローナ	6050
シンデン・ハイテックス	6050
シーエスロジネット	6050
シーキューブ (商社)	6050
シークス	6050
ジェイホールディングス	6050
ジェコス	6050
ジャパン建材	6050
ジューテック	6050
ジューテックホールディングス	6050
ジーエフシー	6050
ジー・トレーディング	6050
スズケン	6050
スズデン	6050
スターゼン	6050
スターティア	6050
ストライダーズ	6050
セキテクノトロン	6050
セキュアヴェイル	6050
セフテック	6050
ゼット (企業)	6050
ソフトクリエイトホールディングス	6050
ソマール	6050
ソリスト (企業)	6050
ソリトンシステムズ	6050
ソレキア	6050
ソーダニッカ	6050
タイセイ (大分県)	6050
タカショー	6050
タカチホ (卸売業)	6050
タキヒヨー	6050
タジマヤ	6050
タビオ	6050
ダイキサウンド	6050
ダイコー通産	6050
ダイトエレクトロン	6050
ダイトーエムイー	6050
ダイワボウホールディングス	6050
ダイワボウ情報システム	6050
ダルトン (卸売業)	6050
チェルト	6050
チップワンストップ	6050
ツカモトコーポレーション	6050
ティムコ	6050
ティーエスアルフレッサ	6050
テクノアソシエ	6050
テクノアルファ	6050
テリロジー	6050
テンポスバスターズ	6050
テーオーホールディングス	6050
ディーブイエックス	6050
デザインアーク	6050
100満ボルト	6100
21LADY	6100
ABCマート	6100
ACデコール	6100
AOKIホールディングス	6100
AmidAホールディングス	6100
As-meエステール	6100
BEENOS	6100
CFSコーポレーション	6100
DCMくろがねや	6100
DCMカーマ	6100
DCMサンワ	6100
DCMダイキ	6100
DCMホーマック	6100
DCMホールディングス	6100
ECカレント	6100
Francfranc	6100
G-7ホールディングス	6100
HAPiNS	6100
HOYA	6100
ICDAホールディングス	6100
J.フロント リテイリング	6100
JBイレブン	6100
JEUGIA	6100
JFLAホールディングス	6100
K-GOLDインターナショナル	6100
LIXILビバ	6100
Little Berry	6100
MonotaRO	6100
NATTY SWANKY	6100
NEW ART HOLDINGS	6100
Olympicグループ	6100
PLANT	6100
RHトラベラー	6100
SHOP99	6100
SRSホールディングス	6100
TOKYO BASE	6100
TRNコーポレーション	6100
VTホールディングス	6100
WAVE (企業)	6100
WDI	6100
ZOA	6100
あかのれん	6100
あきんどスシロー	6100
あさひ (企業)	6100
あなたの幸せが私の幸せ	6100
あみやき亭	6100
いちたかガスワン	6100
いなげや	6100
うかい	6100
かっぱ寿司	6100
かつや	6100
かんなん丸	6100
きちりホールディングス	6100
くら寿司	6100
さいか屋	6100
さかい (焼肉屋)	6100
さが美	6100
しまむら	6100
すかいらーくホールディングス	6100
そごう	6100
そごう・西武	6100
とりせん	6100
どん	6100
ながの東急百貨店	6100
はせがわ	6100
はせ川コーポレーション	6100
はるやま商事	6100
ひらまつ	6100
ほぼ日	6100
まんだらけ	6100
みつわ	6100
やまや	6100
らでぃっしゅぼーや	6100
アイエーグループ	6100
アイケイ	6100
アイシービーアイワイジャパン	6100
アイジェイホールディングス	6100
アインファーマシーズ	6100
アインホールディングス	6100
アインメディカルシステムズ	6100
アオキスーパー	6100
アオキーズ・ピザ	6100
アクサス	6100
アクシアル リテイリング	6100
アクティヴジャパン	6100
アシードホールディングス	6100
アスクル	6100
アダストリア	6100
アップガレージ	6100
アップル (中古車販売)	6100
アトム (飲食業)	6100
アナップ	6100
アプライド	6100
アポロ・インベストメント	6100
アルビス (チェーンストア)	6100
アルペン (企業)	6100
アンドモワ	6100
アークス (北海道の企業)	6100
アークランドサカモト	6100
アークランドサービスホールディングス	6100
アールオーエヌ	6100
アールビバン	6100
イオン (企業)	6100
イオングループ	6100
イオン九州	6100
イオン北海道	6100
イズミ	6100
イズミヤ	6100
イトーヨーカ堂	6100
インターメスティック	6100
ウイルプラスホールディングス	6100
ウインド・カー	6100
ウエルシアホールディングス	6100
ウエルシア薬局	6100
エイチ・ツー・オー リテイリング	6100
エイチ・ツー・オー・リテイリング	6100
エクセリ	6100
エコス	6100
エスエルディー	6100
エディオン	6100
エノテカ (企業)	6100
エフ・ディ・シィ・プロダクツ	6100
エルアイイーエイチ	6100
エルメ	6100
エンチョー	6100
エー・ピーカンパニー	6100
オイシックス・ラ・大地	6100
オイシーズ	6100
オオゼキ	6100
オストジャパングループ	6100
オリジン東秀	6100
オンリー	6100
オーエ	6100
オーエムツーネットワーク	6100
オーエー・システム・プラザ	6100
オークワ	6100
オーシャンシステム	6100
オートウェーブ	6100
オートセブン	6100
オートハマーズ	6100
カインズ	6100
カスミ	6100
カネスエ	6100
カネ美食品	6100
カマタ	6100
カメラのキタムラ	6100
カルラ (飲食店)	6100
カワチ薬品	6100
カンセキ	6100
カーセブンディベロプメント	6100
カーテンDO!	6100
ガリバーインターナショナル	6100
キシショッピングセンター	6100
キャビン (企業)	6100
キャンドゥ	6100
キヤノン	6100
キヤノンシステムアンドサポート	6100
キョーエイ	6100
キリン堂	6100
キンレイ	6100
ギフト (企業)	6100
クオール	6100
クスリのアオキ	6100
クスリのアオキホールディングス	6100
クラフト (ドラッグストア)	6100
クリエイトSDホールディングス	6100
クリエイト・ダイニング	6100
クリエイト・レストランツ	6100
クリエイト・レストランツ・ホールディングス	6100
クルーズ・ジャパン	6100
クレックス	6100
グッドコム	6100
グッドスピード	6100
グルメ杵屋	6100
グローバルダイニング	6100
ケンコーコム	6100
ケーズホールディングス	6100
ケーユーホールディングス	6100
ケーヨー	6100
ゲオ	6100
ゲオホールディングス	6100
ゲット (ホームセンター)	6100
ゲンキー	6100
コイデカメラ	6100
ココカラファイン	6100
ココスジャパン	6100
コジマ	6100
コジマ (ペット)	6100
コスモス薬品	6100
コックス (衣料品)	6100
コデラ	6100
コナカ	6100
コメリ	6100
コメ兵	6100
コロワイド	6100
コーナン	6100
ゴトー	6100
ゴルフダイジェスト・オンライン	6100
ゴルフパートナー	6100
BNPパリバ	7050
DBS銀行	7050
GMOあおぞらネット銀行	7050
INGグループ	7050
JAバンク	7050
JFマリンバンク	7050
JPモルガン・チェース	7050
KDDI	7050
LONGS	7050
SBIホールディングス	7050
SBJ銀行	7050
SMBC信託銀行	7050
UBS	7050
あおぞら銀行	7050
きらぼし銀行	7050
きらやか銀行	7050
じぶん銀行	7050
みずほフィナンシャルグループ	7050
みずほ信託銀行	7050
みずほ銀行	7050
みちのく銀行	7050
みなと銀行	7050
もみじ銀行	7050
ゆうちょ銀行	7050
りそな銀行	7050
アクロティリおよびデケリアの銀行の一覧	7050
アジア	7050
アゼルバイジャンの銀行の一覧	7050
アフガニスタンの銀行の一覧	7050
アフリカ	7050
アブハジアの銀行の一覧	7050
アラブ首長国連邦の銀行の一覧	7050
アルツァフ共和国の銀行の一覧	7050
アルメニアの銀行の一覧	7050
イエメンの銀行の一覧	7050
イオン (企業)	7050
イオン銀行	7050
イギリス領インド洋地域の銀行の一覧	7050
イスラエルの銀行の一覧	7050
イタウ・ウニバンコ	7050
イラクの銀行の一覧	7050
イランの銀行の一覧	7050
インストアブランチ	7050
インテーザ・サンパオロ	7050
インドの銀行の一覧	7050
インドステイト銀行	7050
インドネシアの銀行の一覧	7050
インド銀行	7050
ウェルズ・ファーゴ	7050
ウズベキスタンの銀行の一覧	7050
ウニクレーディト・イタリアーノ	7050
ウリィ銀行	7050
オマーンの銀行の一覧	7050
オリックス (企業)	7050
オリックス銀行	7050
オーストラリア・コモンウェルス銀行	7050
オーストラリア・ニュージーランド銀行	7050
カザフスタンの銀行の一覧	7050
カタールの銀行の一覧	7050
カナダ・ロイヤル銀行	7050
カンボジアの銀行の一覧	7050
キプロスの銀行の一覧	7050
キルギスの銀行の一覧	7050
クウェートの銀行の一覧	7050
クリスマス島の銀行の一覧	7050
クレディ・アグリコル・コーポレート・アンド・インベストメント・バンク	7050
クレディ・スイス	7050
ココス諸島の銀行の一覧	7050
コメルツ銀行	7050
サウジアラビアの銀行の一覧	7050
シティバンク、エヌ・エイ (在日支店)	7050
ショッピングセンター	7050
シリアの銀行の一覧	7050
シンガポールの銀行の一覧	7050
ジャパンネット銀行	7050
ジョージアの銀行の一覧	7050
スタンダードチャータード銀行	7050
ステート・ストリート	7050
スリランカの銀行の一覧	7050
スルガ銀行	7050
セブン&アイ・ホールディングス	7050
セブン銀行	7050
ソシエテ・ジェネラル	7050
ソニーフィナンシャルホールディングス	7050
ソニー銀行	7050
タイの銀行の一覧	7050
タジキスタンの銀行の一覧	7050
トマト銀行	7050
トルクメニスタンの銀行の一覧	7050
トルコの銀行の一覧	7050
ドイツ銀行	7050
ナショナルオーストラリア銀行	7050
ネット銀行	7050
ネパールの銀行の一覧	7050
バンクネガラインドネシア	7050
バンク・オブ・アメリカ	7050
バンク・オブ・ニューヨーク・メロン	7050
バングラデシュの銀行の一覧	7050
バンコク銀行	7050
バークレイズ	7050
バーレーンの銀行の一覧	7050
パキスタンの銀行の一覧	7050
パキスタン・ナショナル銀行	7050
パレスチナ国の銀行の一覧	7050
ビルバオ・ビスカヤ・アルヘンタリア銀行	7050
フィリピンの銀行の一覧	7050
フィリピン・ナショナル・バンク	7050
ブラジル銀行	7050
ブルネイの銀行の一覧	7050
ブータンの銀行の一覧	7050
ベトナムの銀行の一覧	7050
マカオの銀行の一覧	7050
マレーシアの銀行の一覧	7050
ミャンマーの銀行の一覧	7050
メトロポリタン銀行	7050
モルディブの銀行の一覧	7050
モンゴル国の銀行の一覧	7050
ヤフー (企業)	7050
ユナイテッド・オーバーシーズ銀行	7050
ユバフーアラブ・フランス連合銀行	7050
ユーロクリア	7050
ヨルダンの銀行の一覧	7050
ヨーロッパ	7050
ラオスの銀行の一覧	7050
レバノンの銀行の一覧	7050
ロイヤルバンク・オブ・スコットランド	7050
ロシアの銀行の一覧	7050
ローソン	7050
ローソン銀行	7050
七十七銀行	7050
三井住友トラスト・ホールディングス	7050
三井住友フィナンシャルグループ	7050
三井住友信託銀行	7050
三井住友銀行	7050
三菱UFJフィナンシャルグループ	7050
三菱UFJ信託銀行	7050
三菱UFJ銀行	7050
三重銀行	7050
中京銀行	7050
中国信託銀行	7050
中国工商銀行	7050
中国建設銀行	7050
中国農業銀行	7050
中国銀行 (中華人民共和国)	7050
中国銀行 (日本)	7050
中央アジア	7050
中央銀行	7050
中小企業銀行	7050
中華人民共和国の銀行の一覧	7050
事実上独立した地域一覧	7050
交通銀行	7050
京葉銀行	7050
京都銀行	7050
仙台銀行	7050
伊予銀行	7050
但馬銀行	7050
住信SBIネット銀行	7050
住友信託銀行	7050
住宅金融支援機構	7050
佐賀共栄銀行	7050
佐賀銀行	7050
信託協会	7050
信託銀行	7050
兆豊国際商業銀行	7050
全国地方銀行協会	7050
全国銀行協会	7050
八十二銀行	7050
労働金庫	7050
北アジア	7050
北キプロスの銀行の一覧	7050
北九州銀行	7050
北國銀行	7050
北日本銀行	7050
北洋銀行	7050
北海道銀行	7050
北越銀行	7050
北都銀行	7050
北陸銀行	7050
十八銀行	7050
十六銀行	7050
千葉興業銀行	7050
千葉銀行	7050
南アジア	7050
南オセチアの銀行の一覧	7050
南日本銀行	7050
南都銀行	7050
台新國際商業銀行	7050
台湾の銀行の一覧	7050
台湾中小企業銀行	7050
台湾銀行	7050
名古屋銀行	7050
商工組合中央金庫	7050
四国銀行	7050
BNPパリバ証券	7100
DBJ証券	7100
EVOLUTION JAPAN証券	7100
Eワラント証券	7100
FFG証券	7100
FPG	7100
FXプライムbyGMO	7100
GMOクリック証券	7100
GMOフィナンシャルホールディングス	7100
ICAP東短証券	7100
IGマーケッツ証券	7100
IS証券	7100
ITCインベストメント・パートナーズ	7100
JPアセット証券	7100
JPモルガン証券	7100
KOYO証券	7100
NVF証券	7100
Oak キャピタル	7100
PWM日本証券	7100
SBIジャパンネクスト証券	7100
SBIホールディングス	7100
SBI証券	7100
SMBC日興証券	7100
UBS証券	7100
あい証券	7100
あおぞら証券	7100
あかつき本社	7100
あかつき証券	7100
いちよし証券	7100
おきぎん証券	7100
かざかフィナンシャルグループ	7100
しんきん証券	7100
しん証券さかもと	7100
だいこう証券ビジネス	7100
ちばぎん証券	7100
とちぎんTT証券	7100
ばんせい証券	7100
ひびき証券	7100
ひまわりシーエックス	7100
ひまわりホールディングス	7100
ひまわり証券	7100
ひろぎん証券	7100
みずほインベスターズ証券	7100
みずほ証券	7100
みらい證券	7100
むさし証券	7100
めぶき証券	7100
アイネット証券	7100
アジア開発キャピタル	7100
アストマックス	7100
アーク証券	7100
インヴァスト証券	7100
ウツミ屋証券	7100
エアーズシー証券	7100
エイチ・エス・フューチャーズ	7100
エイチ・エス証券	7100
エイト証券	7100
エンサイドットコム証券	7100
エンゼル証券	7100
エース交易	7100
エース証券	7100
カブドットコム証券	7100
キャピタル・パートナーズ・ホールディングス	7100
キャピタル・パートナーズ証券	7100
ケンゾー・インベストメント	7100
シティグループ証券	7100
ジャパンインベストメントアドバイザー	7100
ジャフコ	7100
スターツ証券	7100
スターホールディングス	7100
スパークス・グループ	7100
セントラル東短証券	7100
セントレード証券	7100
タワー証券	7100
トレイダーズ証券	7100
ニュース証券	7100
バークレイズ証券	7100
ヒロセ通商	7100
フィデリティ証券	7100
フィリップ証券	7100
フジトミ	7100
フューチャーベンチャーキャピタル	7100
プリヴェチューリッヒ証券	7100
プレミア証券	7100
プロフィット証券	7100
マネックスグループ	7100
マネックス証券	7100
マネースクエアHD	7100
マネーパートナーズ	7100
マネーパートナーズグループ	7100
マーキュリアインベストメント	7100
メリルリンチ日本証券	7100
ヤマゲン証券	7100
ユニコムグループホールディングス	7100
ライブスター証券	7100
リテラ・クレア証券	7100
リーディング証券	7100
レクセム証券	7100
ワイエム証券	7100
ワンアジア証券	7100
三京証券	7100
三晃証券	7100
三木証券	7100
三津井証券	7100
三田証券	7100
三縁証券	7100
三菱UFJモルガン・スタンレー証券	7100
三菱商事アセットマネジメント	7100
三豊証券	7100
上田八木証券	7100
中原証券	7100
中銀証券	7100
丸三証券	7100
丸八証券	7100
丸国証券	7100
丸近証券	7100
二浪証券	7100
今村証券	7100
先物取引	7100
光世証券	7100
光証券	7100
八十二証券	7100
六和証券	7100
共和証券	7100
内藤証券	7100
北洋証券	7100
四国アライアンス証券	7100
国府証券	7100
大万証券	7100
大和証券	7100
大和証券グループ本社	7100
大山日ノ丸証券	7100
大熊本証券	7100
奈良証券	7100
安藤証券	7100
富岡証券	7100
寿証券	7100
小林洋行	7100
山二証券	7100
山和証券	7100
山形證券	7100
岡三にいがた証券	7100
岡三オンライン証券	7100
岡三証券	7100
岡三証券グループ	7100
岡地	7100
岡地証券	7100
岡安証券	7100
岡藤ホールディングス	7100
岩井コスモホールディングス	7100
島大証券	7100
廣田証券	7100
徳島合同証券	7100
愛媛証券	7100
損保ジャパン日本興亜DC証券	7100
播陽証券	7100
新大垣証券	7100
新林証券	7100
新潟証券	7100
新生証券	7100
日本アジア投資	7100
日本アジア証券	7100
日本キャピタル証券	7100
日本クラウド証券	7100
日本相互証券	7100
日本証券代行	7100
日産証券	7100
明和證券	7100
木村証券	7100
東岳証券	7100
東武証券	7100
東洋証券	7100
東海東京フィナンシャル・ホールディングス	7100
東海東京証券	7100
松井証券	7100
松阪証券	7100
極東証券	7100
楽天証券	7100
武甲証券	7100
水戸証券	7100
永和証券	7100
浜銀TT証券	7100
澤田ホールディングス	7100
田原証券	7100
百五証券	7100
益茂証券	7100
相生証券	7100
石動証券	7100
立花証券	7100
竹松証券	7100
第一商品	7100
篠山証券	7100
臼木証券	7100
荘内証券	7100
藍澤證券	7100
西日本シティTT証券	7100
西村証券	7100
証券	7100
AIGスター生命保険	7150
AIG損害保険	7150
Chubb損害保険	7150
MS&ADインシュアランスグループホールディングス	7150
SBIインシュアランスグループ	7150
SOMPOホールディングス	7150
T&Dフィナンシャル生命保険	7150
T&Dホールディングス	7150
あいおいニッセイ同和損害保険	7150
あいおい損害保険	7150
そんぽ24損害保険	7150
アイペット損害保険	7150
アイリックコーポレーション	7150
アクサダイレクト生命保険	7150
アクサ生命保険	7150
アドバンスクリエイト	7150
アドバンテッジリスクマネジメント	7150
アニコム ホールディングス	7150
ウェブクルー	7150
ジブラルタ生命保険	7150
セゾン自動車火災保険	7150
ソニーフィナンシャルホールディングス	7150
ニッセイ同和損害保険	7150
ニュートン・フィナンシャル・コンサルティング	7150
ネオファースト生命保険	7150
ハートフォード生命保険	7150
マスミーチュアル生命保険	7150
ミナミ保険	7150
メットライフ生命保険	7150
ライフステーション	7150
ライフネット生命保険	7150
三井ダイレクト損害保険	7150
三井住友海上あいおい生命保険	7150
三井住友海上グループホールディングス	7150
三井住友海上プライマリー生命保険	7150
三井住友海上火災保険	7150
三井生命保険	7150
住友生命保険	7150
保険	7150
共栄火災海上保険	7150
大同火災海上保険	7150
大同生命保険	7150
太陽生命保険	7150
富国生命保険	7150
富士火災海上保険	7150
損保ジャパン日本興亜ひまわり生命保険	7150
損害保険ジャパン日本興亜	7150
日新火災海上保険	7150
日本生命保険	7150
明治安田生命保険	7150
朝日生命保険	7150
東京海上ホールディングス	7150
東京海上日動あんしん生命保険	7150
東京海上日動火災保険	7150
楽天損害保険	7150
第一生命ホールディングス	7150
第一生命保険	7150
ARUHI	7200
Casa (企業)	7200
FFGカード	7200
GE三洋クレジット	7200
GFA (企業)	7200
JPNホールディングス	7200
Jトラスト	7200
MAGねっとホールディングス	7200
NECキャピタルソリューション	7200
NISグループ	7200
NTTファイナンス	7200
Oak キャピタル	7200
SBIホールディングス	7200
SFCG	7200
SMBCコンシューマーファイナンス	7200
SMBCベンチャーキャピタル	7200
UCS	7200
あおぎんディーシーカード	7200
あしぎんカード	7200
あんしん保証	7200
いばぎんカード	7200
いよぎんディーシーカード	7200
いわぎんディーシーカード	7200
かいぎんカード	7200
ぎふぎんカード	7200
しんわディーシーカード	7200
たいこうカード	7200
ちばぎんディーシーカード	7200
とちぎんカード・サービス	7200
ひろぎんカードサービス	7200
みちのくカード	7200
やまぎんカード	7200
やまぎんカードサービス	7200
りゅうぎんディーシー	7200
アイフル	7200
アクリーティブ	7200
アコム	7200
アサックス	7200
アジア開発キャピタル	7200
アプラスフィナンシャル	7200
イオンクレジットサービス	7200
イオンフィナンシャルサービス	7200
インター (貸金業者)	7200
イントラスト	7200
イー・ギャランティ	7200
オリエントコーポレーション	7200
オリカキャピタル	7200
オリックス (企業)	7200
オーエムシーカード	7200
クオンツ	7200
クレディア	7200
クレディセゾン	7200
シンキ	7200
ジェイリース	7200
ジェーピーエヌ債権回収	7200
ジャックス (信販)	7200
ジャパンファイナンシャルソリューションズ	7200
ジャフコ	7200
セディナ	7200
セントラルファイナンス	7200
ディーアイ	7200
ディーシーカード	7200
トライハード・インベストメンツ	7200
ニッシン債権回収	7200
ファミリーカード	7200
フィデアカード	7200
フィンテックグローバル	7200
フューチャーベンチャーキャピタル	7200
ブルーホライゾン債権回収	7200
プリヴェ企業再生グループ	7200
プレミアグループ	7200
プロミス	7200
ポケットカード	7200
ユニコ・コーポレーション	7200
リコーリース	7200
リサ・パートナーズ	7200
リラエンタープライズ	7200
三井住友トラスト・カード	7200
三井住友トラスト・パナソニックファイナンス	7200
三井住友ファイナンス&リース	7200
三洋信販	7200
三菱UFJニコス	7200
三菱UFJリース	7200
中京カード	7200
中道リース	7200
中部証券金融	7200
九州カード	7200
九州リースサービス	7200
京都クレジットサービス	7200
仙銀カード	7200
八十二ディーシーカード	7200
共立クレジット	7200
北都カードサービス	7200
十六ディーシーカード	7200
協同クレジットサービス	7200
南都ディーシーカード	7200
名古屋エム・シーカード	7200
和歌山銀カード	7200
大和SMBCキャピタル	7200
大和キャピタル・ホールディングス	7200
大和企業投資	7200
大東クレジットサービス	7200
大阪証券取引所	7200
大阪証券金融	7200
富山ファースト・ディーシー	7200
山梨中銀ディーシーカード	7200
常陽クレジット	7200
愛銀ディーシーカード	7200
日本アジア投資	7200
日本モーゲージサービス	7200
日本リビング保証	7200
日本保証	7200
日本証券金融	7200
日立キャピタル	7200
日通キャピタル	7200
札幌北洋カード	7200
東京センチュリー	7200
東京海上日動ファイナンス	7200
東和カード	7200
業種	7200
武富士	7200
清水カードサービス	7200
滋賀ディーシーカード	7200
百五ディーシーカード	7200
百十四ディーシーカード	7200
福井カード	7200
第四ディーシーカード	7200
紀陽カード	7200
紀陽カードディーシー	7200
興銀リース	7200
芙蓉総合リース	7200
菱信ディーシーカード	7200
西京カード	7200
阿波銀カード	7200
阿波銀リース	7200
静銀ディーシーカード	7200
AMBITION	8050
APAMAN	8050
ASIAN STAR	8050
Beberise	8050
DAホールディングス	8050
EMCOMホールディングス	8050
FMdesign's	8050
G-FACTORY	8050
GA technologies	8050
Human21	8050
JAMP-Japan Asset Management Partners	8050
JFEスチール	8050
JFE都市開発	8050
LCホールディングス	8050
MID都市開発	8050
NSコーポレーション	8050
NTT都市開発	8050
Nコーポレーション	8050
RISE (不動産)	8050
TATERU	8050
THEグローバル社	8050
きずな (企業)	8050
さくしん住宅	8050
すてきナイスグループ	8050
すみしん不動産	8050
とみや不動産	8050
なかやま不動産	8050
みずほ不動産販売	8050
アイディホーム	8050
アイルクリエイト	8050
アグレ都市デザイン	8050
アサヒグローバル	8050
アジャクス	8050
アスコット (企業)	8050
アズーム	8050
アズ企画設計	8050
アゼル	8050
アップタウン (企業)	8050
アップタウン伊豆	8050
アップルパーク	8050
アトリウム (企業)	8050
アパグループ	8050
アパホーム	8050
アパマンショップネットワーク	8050
アプティホーム	8050
アミックス	8050
アルデプロ	8050
アローラ	8050
アローラル三共住販	8050
アーサーヒューマンネット	8050
アースウィンド	8050
アートハウジング	8050
アーネストワン	8050
アーバネットコーポレーション	8050
アーバンコーポレイション	8050
アーバンライフ	8050
アーム・レポ	8050
アールエイジ	8050
イオンモール	8050
イチイコーポレーション	8050
イワクラゴールデンホーム	8050
イワクラホーム	8050
インテリックス	8050
イントランス	8050
インベストメントパートナーズ	8050
イーグランド	8050
ウィル (不動産会社)	8050
ウッドフレンズ	8050
エイブル	8050
エイブル&パートナーズ	8050
エイワハウジング	8050
エコナックホールディングス	8050
エスグラントコーポレーション	8050
エステム住宅販売	8050
エステート白馬	8050
エストラスト	8050
エスフィット	8050
エスポア	8050
エフ・ジェー・ネクスト	8050
エポックハウス	8050
エムジーホーム	8050
エムティジェネックス	8050
エリアクエスト	8050
エリアリンク (不動産)	8050
エルクリエイト	8050
エー・ディー・ワークス	8050
オプナムクリエーション	8050
オリックス不動産	8050
オークラヤ住宅	8050
オープンハウス	8050
カチタス	8050
カナヤマコーポレーション	8050
ガイアフィールド	8050
キンキハウジング	8050
クボタメゾン	8050
クリード (企業)	8050
クリーンリバー	8050
クレアスライフ	8050
クレ・コーポレーション	8050
グッドコムアセット	8050
グッドプランニング	8050
グッドマンジャパン	8050
グッドライフカンパニー	8050
グランディア (不動産)	8050
グランディハウス	8050
グランディーズ	8050
グレースホーム	8050
グローバル・リンク・マネジメント	8050
ケイアイスター不動産	8050
ケネディクス	8050
ケン・コーポレーション	8050
コスモスイニシア	8050
コスモ不動産	8050
コマーシャル・アールイー	8050
コーケン (建設会社)	8050
コーセーアールイー	8050
コールドウエルバンカー	8050
ゴールドクレスト	8050
サクセスファクトリー	8050
サジェスト	8050
サムティ	8050
サンウッド	8050
サンケイビル	8050
サンシティ (不動産販売会社)	8050
サンセイランディック	8050
サンフロンティア不動産	8050
サンヨーハウジング名古屋	8050
サン中央ホーム	8050
シノケン	8050
シンプレクス・インベストメント・アドバイザーズ	8050
シーアールイー	8050
シーズクリエイト	8050
ジェイアール東日本住宅開発	8050
ジェイアール西日本不動産開発	8050
ジェイレックス・コーポレーション	8050
ジェイ・エス・ビー	8050
ジェネラスコーポレーション	8050
ジョイント・コーポレーション	8050
ジョイント・レジデンシャル不動産	8050
スカイコート	8050
スターツコーポレーション	8050
スター・マイカ	8050
セイクレスト	8050
セキハウス	8050
セコムホームライフ	8050
セボン (不動産会社)	8050
センチュリー21・ジャパン	8050
セントラル総合開発	8050
ゼファー (不動産会社)	8050
ソニー不動産	8050
ソロンコーポレーション	8050
タウンハウジング	8050
タカラレーベン	8050
タクトプレイス	8050
タクトホーム	8050
ダイア建設	8050
ダイナシティ (不動産会社)	8050
ダイビル	8050
ダイヤモンドシティ	8050
ツノダ	8050
ティーケーピー	8050
テンポイノベーション	8050
テーオーシー	8050
ディア・ライフ	8050
ディックスクロキ	8050
デュアルタップ	8050
トマト不動産	8050
トライシスコーポレーション	8050
トラストパーク	8050
トラストホールディングス	8050
トラスハウジング	8050
トーセイ	8050
ニチモ (不動産)	8050
ニッショー (愛知県)	8050
ノエル (企業)	8050
ハウジングタイホー	8050
ハウジング大興	8050
ハウスウェル	8050
ハウスコム	8050
ハウスドゥ	8050
ハウスフリーダム	8050
ハウスメイト	8050
パシフィックホールディングス	8050
パラカ	8050
パルマ (不動産業)	8050
パンテオン地所	8050
パーク24	8050
ヒューザー	8050
ヒューマンランド	8050
ヒューリック	8050
ビジネス・ワンホールディングス	8050
ビーハウス	8050
ビーロット	8050
ピタットハウスネットワーク	8050
ファミリー (不動産)	8050
ファンドクリエーション	8050
ファンドクリエーショングループ	8050
ファーストブラザーズ	8050
ファースト住建	8050
フィル・カンパニー	8050
4大監査法人	9050
ABホテル	9050
ACKグループ	9050
ADKホールディングス	9050
ASK PLANNING CENTER	9050
And factory	9050
AppBank	9050
C&I Holdings	9050
CBMI	9050
CDG (企業)	9050
CDS (企業)	9050
CHINTAI	9050
CRGホールディングス	9050
CSSホールディングス	9050
CUBEホテルズインターナショナル	9050
D.A.コンソーシアムホールディングス	9050
DAホールディングス	9050
DNAチップ研究所	9050
E-まちタウン	9050
ECC総合教育機関	9050
EJビジネス・パートナーズ	9050
EPSホールディングス	9050
ERIホールディングス	9050
E・Jホールディングス	9050
FRONTEO	9050
Fringe81	9050
GABA (企業)	9050
GCA (企業)	9050
GMO TECH	9050
GMOアドパートナーズ	9050
GMOメディア	9050
GNU (企業)	9050
GameWith	9050
IBJ	9050
IBMビジネスコンサルティングサービス	9050
ISERVE	9050
ITmedia	9050
JDC信託	9050
JPホールディングス	9050
Jトラスト	9050
KG情報	9050
KNT-CTホールディングス	9050
KeePer技研	9050
KeyHolder	9050
LEOC	9050
LIFULL	9050
LITALICO	9050
M&Aキャピタルパートナーズ	9050
MICメディカル	9050
MRT (企業)	9050
MS&Consulting	9050
MS-Japan	9050
NECフィールディング	9050
NJS (企業)	9050
NOVA	9050
NTTアド	9050
Nmsホールディングス	9050
N・フィールド	9050
Orchestra Holdings	9050
P&Pホールディングス	9050
PAGインベストメント·マネジメント	9050
PGMホールディングス	9050
RPAホールディングス	9050
SCSK	9050
SDエンターテイメント	9050
SERIOホールディングス	9050
SLホテル	9050
SMBCコンサルティング	9050
SOMPOケア	9050
SSコミュニティー	9050
Shinwa Wise Holdings	9050
TAC (予備校)	9050
UTグループ	9050
VSN	9050
WASHハウス	9050
WDBホールディングス	9050
Z会ホールディングス	9050
あべのアポロ	9050
いちご株式会社	9050
いであ	9050
きょくとう	9050
ぐるなび	9050
はてな (企業)	9050
ぱど	9050
ぴあ	9050
みらいワークス	9050
みらかホールディングス	9050
もしもしホットライン	9050
やまねメディカル	9050
よみうりランド (企業)	9050
わかば総研	9050
アイエスイーアート	9050
アイコーメディカル	9050
アイナレッジ	9050
アイネス	9050
アイモバイル	9050
アイレップ	9050
アイロムグループ	9050
アイ・アールジャパンホールディングス	9050
アイ・ケイ・ケイ	9050
アイ・ラーニング	9050
アウトソーシング (企業)	9050
アウンコンサルティング	9050
アキナジスタ	9050
アクアライン (企業)	9050
アクシコ	9050
アクセスグループ・ホールディングス	9050
アクセンチュア	9050
アコーディア・ゴルフ	9050
アサンテ	9050
アジャイルメディア・ネットワーク	9050
アスカネット	9050
アップ (学習塾)	9050
アデコ	9050
アトラ	9050
アトラエ	9050
アドアーズ	9050
アドウェイズ	9050
アドベンチャー (オンライン旅行)	9050
アニヴェルセル	9050
アビスト	9050
アビバ	9050
アビームコンサルティング	9050
アプレシオ	9050
アマナ (企業)	9050
アミタホールディングス	9050
アミューズ	9050
アライドアーキテクツ	9050
アリサカ	9050
アルク	9050
アルツ (企業)	9050
アルテ サロン ホールディングス	9050
アルトナー	9050
アルバイトタイムス	9050
アルファ (POP)	9050
アルプス技研	9050
アルー (企業)	9050
アロックコミュニケーションズ	9050
アンダーワークス	9050
アーグラル	9050
アートスタッフ	9050
アール・エス・シー	9050
イオレ	9050
イオンディライト	9050
イオンファンタジー	9050
イチネン	9050
イチネンホールディングス	9050
イデラキャピタルマネジメント	9050
イトクロ	9050
イナリサーチ	9050
インサイト (企業)	9050
インソース	9050
インタースペース	9050
インターネット セキュリティ システムズ	9050
インターネットインフィニティー	9050
インターワークス	9050
インフォマート	9050
インベストメントパートナーズ	9050
イーエムネット	9050
イーコンテクスト	9050
イーサポートリンク	9050
イード	9050
イー・ガーディアン	9050
ウィザス	9050
ウィルグループ	9050
ウィルソン・ラーニング ワールドワイド	9050
ウェアハウス (レンタルビデオ店)	9050
ウェッジホールディングス	9050
ウェブマネー	9050
ウェルネット	9050
ウェルビー (企業)	9050
ウエスコ (建設コンサルタント)	9050
ウチダエスコ	9050
ウチヤマホールディングス	9050
エイジス (企業)	9050
エイチ・アイ・エス	9050
エイト日本技術開発	9050
エクストリーム (企業)	9050
エクスドリーム・スポーツ	9050
エスクリ	9050
エスクロー・エージェント・ジャパン	9050
エスプール	9050
エスユーエス	9050
エス・エム・エス	9050
エトレ	9050
エヌエス環境	9050
エヌリンクス	9050
エヌ・シー・エヌ	9050
エフアンドエム	9050
エプコ	9050
エボラブルアジア	9050
エムスリー	9050
エム・エイチ・グループ	9050
エラン (介護医療)	9050
エリコネイル	9050
エルテス	9050
エル・シー・エーホールディングス	9050
エル・ティー・エス	9050
エンバイオ・ホールディングス	9050
エン・ジャパン	9050
